year,StationID,temperature,pH,salinity,total.p,total.n,silicon,suspended.particulates,S,ENS,biomass,SERr,SERa,lat,long
2007,BOCHTVWTM,16.09,8.103333333,20.30333333,NA,NA,NA,117.6,66,6.322027577,6264.344836,0,0,53.33493,6.94394
2009,BOCHTVWTM,15.51428571,NA,20.92857143,NA,NA,NA,95.71428571,60,5.869721509,30112.09493,0.463414634,0.366843359,53.33493,6.94394
2010,BOCHTVWTM,10.85294118,NA,19.00588235,8.121425882,215.8823529,2.082941176,180.1764706,80,9.688894528,80997.08155,0.461538462,0.310239025,53.33493,6.94394
2011,BOCHTVWTM,14.96153846,NA,22.78461538,6.636959431,146.3736264,1.946923077,134.0538462,69,3.039219416,48420.02069,0.494949495,0.883884876,53.33493,6.94394
2012,BOCHTVWTM,14.02285714,NA,23.94285714,5.753444714,146.8877551,1.748571429,77.97142857,67,3.427248975,31999.19061,0.418604651,0.815577974,53.33493,6.94394
2013,BOCHTVWTM,NA,NA,21.95,6.370210585,157.6530612,2.079285714,98.29285714,72,8.933514251,60474.87371,0.552083333,0.529778426,53.33493,6.94394
2014,BOCHTVWTM,NA,NA,20.07142857,6.449295857,147.8061225,2.264285714,86.41428571,78,6.656213583,45905.66054,0.453608247,0.472256948,53.33493,6.94394
2015,BOCHTVWTM,NA,NA,21.27142857,7.103672429,153.5,2.016923077,113.0142857,63,4.803908973,86741.27324,0.483870968,0.352748997,53.33493,6.94394
2016,BOCHTVWTM,NA,NA,19.40714286,6.001831314,155.6326531,NA,90.47142857,64,1.952598408,46756.66812,0.451219512,0.769670474,53.33493,6.94394
2017,BOCHTVWTM,NA,NA,21.56428571,6.907820286,147.1428571,NA,97.00714286,78,2.992371771,53316.80104,0.422222222,0.363043707,53.33493,6.94394
2018,BOCHTVWTM,NA,NA,21.3,NA,NA,NA,85.22857143,79,1.838034572,57385.64319,0.490384615,0.374471784,53.33493,6.94394
2007,BOOMKDP,15.80625,8.25875,31.38625,1.5903194,44.47142857,0.0399,41.875,108,9.012729238,14305.4593,0,0,53.3797222,5.1686111
2008,BOOMKDP,12.86,NA,31.307,1.463340182,35.46753247,0.111,37.875,127,8.423445666,23630.94841,0.433333333,0.40690381,53.3797222,5.1686111
2009,BOOMKDP,11.90526316,NA,31.43157895,1.371813895,34.66165413,0.127368421,22.21578947,156,7.218380967,44669.77219,0.401129944,0.664809726,53.3797222,5.1686111
2010,BOOMKDP,10.48333333,NA,31.50555556,1.426520444,35.99206349,0.123333333,41.25555556,143,13.97767983,42998.9577,0.366120219,0.537775936,53.3797222,5.1686111
2011,BOOMKDP,14.097,NA,31.3,1.7064482,35.12142857,0.05894,56.71,97,7.371149744,78096.33826,0.490566038,0.508624423,53.3797222,5.1686111
2012,BOOMKDP,13.73285714,NA,32.17142857,1.119813429,31.25,0.057714286,15.69571429,109,8.711218203,54601.72975,0.45112782,0.249279301,53.3797222,5.1686111
2013,BOOMKDP,NA,NA,31.29285714,1.652300843,41.32142857,0.189714286,26.62142857,103,11.28999136,45354.51974,0.463768116,0.294633851,53.3797222,5.1686111
2014,BOOMKDP,NA,NA,32.29230769,1.342677215,32.54395604,0.110653846,16.04461538,117,5.945603732,23322.03321,0.439716312,0.440553594,53.3797222,5.1686111
2015,BOOMKDP,NA,NA,32.55,1.100458629,31.2755102,0.1418,15.25071429,106,5.192451565,91663.8551,0.482993197,0.726536878,53.3797222,5.1686111
2016,BOOMKDP,NA,NA,31.92857143,0.876956771,31.93877551,NA,12.83428571,115,3.955191987,46089.86772,0.421428571,0.180995324,53.3797222,5.1686111
2017,BOOMKDP,NA,NA,32.5,NA,26.60989011,NA,15.57692308,108,4.528989591,44483.35791,0.310606061,0.065882228,53.3797222,5.1686111
2018,BOOMKDP,NA,NA,32.46428571,NA,NA,NA,26.88,102,4.994528109,59818.17523,0.455882353,0.066143264,53.3797222,5.1686111
2007,Bork_W_1,6.95,8,22.865,5.97,142.855,2.158760827,70.5,50,1.356483527,4954.8,0,0,53.47903,6.91759
2008,Bork_W_1,6.6,8.075,24.845,2.935,120,1.541211572,51.5,61,1.530470338,2967.95,0.539473684,0.994387723,53.47903,6.91759
2009,Bork_W_1,6.7,7.975,27.105,3.24,71.785,0.518709831,46,47,3.058539312,3344.503262,0.520547945,0.605389259,53.47903,6.91759
2010,Bork_W_1,3.9,8.05,20.88,4.68,128.57,1.150059803,69.5,43,1.425493723,22288.57388,0.474576271,0.676807274,53.47903,6.91759
2011,Bork_W_1,13,7.983333333,25.99333333,5.328333333,92.26166667,0.654066392,61.2,51,7.916607794,3430.710893,0.379310345,0.874958261,53.47903,6.91759
2012,Bork_W_1,12.45,8,27.33,3.445,75.535,0.58519424,60.5,40,3.693970939,493.183875,0.375,0.685291059,53.47903,6.91759
2013,Bork_W_1,11.2875,8.055,27.29,4.195,98.03375,0.571744016,84.288,53,1.372296628,2721.622812,0.45,0.979332965,53.47903,6.91759
2014,Bork_W_1,16.28,8.053,28.60666667,4.59,88.783,0.467068859,108.543,62,8.999022556,3811.176062,0.38028169,0.861669728,53.47903,6.91759
2015,Bork_W_1,14.95384615,8.075384615,27.748,3.486666667,83.41222222,0.345491108,101.406,68,3.807884933,10278.11616,0.395061728,0.431380747,53.47903,6.91759
2016,Bork_W_1,14.49333333,8.038,27.57,3.556,97.716,0.420691876,82.54818182,68,7.033420915,997.69,0.418604651,0.729262599,53.47903,6.91759
2017,Bork_W_1,13.70416667,8.003541667,28.57823529,3.076666667,74.21809524,0.38562491,79.39233333,71,2.515977007,5888.7,0.420454545,0.474315519,53.47903,6.91759
2018,Bork_W_1,14.93076923,8.019538462,30.70909091,2.603,51.071,0.514262932,36.86184615,76,1.318032663,6603.313934,0.384615385,0.208304108,53.47903,6.91759
2000,DANTZGT,12.10210526,8.181052632,28.29473684,4.843793368,81.01984126,0.345473684,79.45526316,137,7.652502206,121093.0239,0,0,53.40114,5.72698
2001,DANTZGT,11.97333333,8.12952381,28.31285714,5.1467639,81.10150376,0.34785,89.97368421,128,9.671632392,71655.78798,0.34375,0.336812373,53.40114,5.72698
2002,DANTZGT,12.82952381,8.197619048,27.66904762,4.532249,79.07142857,0.40975,80.54166667,126,5.451673561,103044.8874,0.272108844,0.308356649,53.40114,5.72698
2003,DANTZGT,11.55761905,8.181428571,30.14,5.1225704,72.46785714,0.284,81.6547619,128,6.354977951,70978.60101,0.392405063,0.136378,53.40114,5.72698
2004,DANTZGT,12.14095238,8.046190476,29.4252381,4.5451522,76.15714286,0.2246,99.1375,101,8.649543725,82935.25053,0.442176871,0.266042487,53.40114,5.72698
2005,DANTZGT,11.94571429,8.044285714,29.51047619,4.553754333,73.21088435,0.318238095,98.3452381,122,6.776396456,71745.30532,0.451388889,0.163657832,53.40114,5.72698
2006,DANTZGT,12.603,8.1585,29.352,5.165888286,66.19387755,0.221761905,96.53571429,127,11.12522991,69187.44888,0.34,0.63510493,53.40114,5.72698
2007,DANTZGT,12.51470588,8.151833333,28.04838235,5.229191579,82.58646616,0.312315789,124.75,115,11.83964097,84307.68899,0.364864865,0.540450382,53.40114,5.72698
2008,DANTZGT,11.885,NA,28.30265625,5.693537,86.78571428,0.246529412,139.6911765,119,11.54697468,100164.3869,0.397260274,0.372931388,53.40114,5.72698
2009,DANTZGT,12,NA,29.11428571,4.54530581,74.14965987,0.310952381,99.52380952,115,6.269365326,106074.8723,0.480519481,0.188487011,53.40114,5.72698
2010,DANTZGT,10.27222222,NA,29.09444444,12.46413278,93.37301587,0.408888889,154.6666667,98,5.072726127,244801.6592,0.445255474,0.149064276,53.40114,5.72698
2011,DANTZGT,14.27769231,NA,29.36923077,4.709171723,74.41208791,0.312584615,132.9076923,83,5.493363501,85188.86014,0.466101695,0.151752804,53.40114,5.72698
2012,DANTZGT,14.67071429,NA,28.40714286,4.761050386,75.75,0.204535714,100.2071429,72,1.616386435,105301.3857,0.418367347,0.423644117,53.40114,5.72698
2013,DANTZGT,NA,NA,29.44615385,6.033238554,86.32967032,0.388930769,127.0384615,65,8.50156712,162757.4954,0.388235294,0.724432622,53.40114,5.72698
2014,DANTZGT,NA,NA,30.30714286,5.573721571,74.07142857,0.26095,114.5642857,81,6.840359116,162632.458,0.395604396,0.562913802,53.40114,5.72698
2015,DANTZGT,NA,NA,29.20714286,3.663126314,70.17346938,0.218784615,83.04285714,92,7.193266036,242864.9436,0.455357143,0.118261938,53.40114,5.72698
2016,DANTZGT,NA,NA,28.7,5.161971243,82.69897959,NA,118.7357143,87,5.245743119,294260.0633,0.429824561,0.36690651,53.40114,5.72698
2017,DANTZGT,NA,NA,29.67692308,3.814880708,61.32967033,NA,74.52307692,90,6.284732111,66534.01899,0.460869565,0.301599167,53.40114,5.72698
2018,DANTZGT,NA,NA,31.25714286,NA,NA,NA,73.35714286,85,3.521211847,61564.66147,0.516949153,0.383791997,53.40114,5.72698
2007,DOOVBWT,13.86,8.268,23.916,2.8451556,77.64285714,0.3454,57,78,5.477948329,9473.52522,0,0,53.0529,5.03227
2008,DOOVBWT,16.485,NA,26.42,1.5887065,42.875,0.08375,15,111,2.540107584,5706.67234,0.916518706,0.450819672,53.0529,5.03227
2009,DOOVBWT,11.75555556,NA,24.36666667,1.551968222,63.33333333,0.283333333,21.47777778,98,3.550560092,9104.54334,0.135009984,0.485507246,53.0529,5.03227
2010,DOOVBWT,11.63125,NA,24.43125,1.77419,61.74107143,0.26125,34.9375,133,8.581203374,52401.05222,0.458772866,0.46,53.0529,5.03227
2011,DOOVBWT,13.79307692,NA,26.71153846,2.214139492,66.47252747,0.289815385,50.68384615,95,8.435231084,18724.79958,0.500925088,0.538461538,53.0529,5.03227
2012,DOOVBWT,14.24642857,NA,25.89285714,1.4435455,50.58163265,0.150764286,16.58928571,93,7.253137546,47659.73895,0.396983819,0.483870968,53.0529,5.03227
2013,DOOVBWT,NA,NA,25.76428571,1.970715662,63.61734695,0.246735714,23.93785714,81,7.470668631,68799.58285,0.263971473,0.473684211,53.0529,5.03227
2014,DOOVBWT,NA,NA,26.72857143,1.803452614,51.65816327,0.228407143,19.90928571,106,8.391788294,54357.12165,0.312808178,0.479674797,53.0529,5.03227
2015,DOOVBWT,NA,NA,26.6,1.644005929,53.42346939,0.215823077,24.60142857,89,5.948815962,82072.34715,0.362980874,0.4765625,53.0529,5.03227
2016,DOOVBWT,NA,NA,24.32142857,1.308292314,55.60204082,NA,13.405,101,2.594611541,73579.7315,0.607389177,0.389830508,53.0529,5.03227
2017,DOOVBWT,NA,NA,27.18571429,NA,NA,NA,15.21857143,103,2.454080933,41510.34836,0.015642523,0.368,53.0529,5.03227
2018,DOOVBWT,NA,NA,28.15,NA,NA,NA,27.22214286,100,5.195867332,106924.448,0.423425503,0.507352941,53.0529,5.03227
2000,GROOTGND,12.30368421,8.008947368,14.97315789,10.41763621,245.1587302,2.697736842,143.7777778,83,8.715237309,62788.56004,0,0,53.30429,7.15666
2001,GROOTGND,12.30761905,7.926666667,12.31333333,8.804897905,272.6870748,3.138421053,109.5238095,90,7.881741732,27144.08532,0.336538462,0.49975015,53.30429,7.15666
2002,GROOTGND,13.16210526,7.911052632,12.52210526,9.4161102,235.0714286,3.2513,108.35,78,6.420434776,50196.52701,0.352941176,0.497617593,53.30429,7.15666
2003,GROOTGND,12.23619048,7.922857143,15.58238095,15.548356,218.0612245,2.993809524,105.2857143,83,5.056648544,34141.87984,0.340206186,0.544386767,53.30429,7.15666
2004,GROOTGND,11.57210526,7.972105263,14.09315789,8.145145,233.968254,3.01,121.2222222,73,6.43485024,27146.41734,0.391752577,0.572928568,53.30429,7.15666
2005,GROOTGND,12.24157895,7.918421053,15.17263158,7.4322432,206.4705882,2.911176471,127.4117647,79,5.477161199,37875.80824,0.382978723,0.290485061,53.30429,7.15666
2006,GROOTGND,12.57105263,7.954736842,16.00473684,9.989793263,230.7518797,2.988421053,203.9473684,81,3.95547908,27780.96417,0.315789474,0.891968052,53.30429,7.15666
2007,GROOTGND,11.73947368,7.941052632,11.88421053,9.084871474,289.4360902,3.1725,162.9,71,7.034612779,39370.66107,0.382978723,0.870966862,53.30429,7.15666
2008,GROOTGND,NA,NA,15.095,7.939263059,220.3383459,2.743157895,159.6842105,80,9.956004372,38687.65454,0.427083333,0.542442559,53.30429,7.15666
2009,GROOTGND,NA,NA,16.75714286,9.431624762,213.1292517,2.90952381,158.952381,80,5.409061798,60890.06141,0.446601942,0.609330799,53.30429,7.15666
2010,GROOTGND,12.875,NA,14.76875,11.06852625,265.4910714,3.085,258.625,72,8.721651439,49095.63748,0.4,0.621938766,53.30429,7.15666
2011,GROOTGND,14.06142857,NA,18.21428571,7.648602214,176.4693878,2.813571429,144.2,64,3.631033905,49824.89896,0.418604651,0.563096726,53.30429,7.15666
2012,GROOTGND,13.94,NA,19.15,7.205054714,190,2.644285714,101.2428571,69,3.704093049,53604.04387,0.505617978,0.728050982,53.30429,7.15666
2013,GROOTGND,NA,NA,17.6,8.094276615,184.1836735,2.97,112.5928571,64,6.205409374,49518.80203,0.435294118,0.451711284,53.30429,7.15666
2014,GROOTGND,NA,NA,15.97142857,10.03454214,187.9591837,3.183571429,153.2571429,59,6.007322148,65429.5757,0.402597403,0.372535833,53.30429,7.15666
2015,GROOTGND,NA,NA,16.10428571,10.57278991,211.8367347,2.851538462,204.6857143,67,5.49225794,38293.32903,0.425,0.358913039,53.30429,7.15666
2016,GROOTGND,NA,NA,13.94,10.64514,230.3061225,NA,196.6642857,55,2.34632657,36751.45561,0.394736842,0.523750672,53.30429,7.15666
2017,GROOTGND,NA,NA,17.12142857,NA,NA,NA,186.4214286,62,4.380774035,46591.31014,0.5,0.70831604,53.30429,7.15666
2018,GROOTGND,NA,NA,17.53571429,NA,NA,NA,131.4357143,69,2.567280672,125681.9825,0.476744186,0.159950695,53.30429,7.15666
2000,HUIBGOT,12.4015,8.207,30.1385,1.9822541,51.6984127,0.27655,12.61111111,147,4.539761376,66276.59669,0,0,53.55986,6.662486
2001,HUIBGOT,12.093,8.1235,29.251,2.173170526,66.34920635,0.487529412,13.5,144,7.477114908,28987.94953,0.392265193,0.168104114,53.55986,6.662486
2002,HUIBGOT,12.66,8.152,28.58,2.0290282,55.00357143,0.4323,13.25,153,7.126299807,39380.47321,0.340782123,0.112007623,53.55986,6.662486
2003,HUIBGOT,11.58714286,8.123333333,29.96380952,2.748074381,57.51428571,0.481571429,12.15,138,4.854800156,22191.62397,0.337142857,0.077910035,53.55986,6.662486
2004,HUIBGOT,11.45052632,8.032631579,30.06578947,3.576842941,65.85714286,0.315333333,52.11111111,111,6.308239755,33113.41147,0.383116883,0.653055051,53.55986,6.662486
2005,HUIBGOT,11.955,8.0635,29.9925,1.981020706,48.21804511,0.272052632,22.68421053,144,6.94003777,25121.4393,0.35483871,0.219186885,53.55986,6.662486
2006,HUIBGOT,12.3055,8.074,30.0975,1.940573368,43.26785714,0.26625,23.2,138,3.821870743,13752.91638,0.341176471,0.851974826,53.55986,6.662486
2007,HUIBGOT,11.02,8.063888889,29.11611111,2.58064,61.09398496,0.420105263,22.05263158,129,8.015819001,13504.45684,0.381818182,0.720283699,53.55986,6.662486
2008,HUIBGOT,11.56266667,NA,29.85214286,1.885300889,46.22932331,0.245315789,24.05263158,141,10.89660311,25195.35,0.353658537,0.25962059,53.55986,6.662486
2009,HUIBGOT,12.03809524,NA,30.2,1.757292952,44.42176871,0.28047619,17.62857143,130,6.01538569,46566.23946,0.396449704,0.327950237,53.55986,6.662486
2010,HUIBGOT,11.35882353,NA,29.71176471,1.724854235,52.89915966,0.385294118,20.75294118,123,8.915400507,44228.14621,0.367741935,0.582616689,53.55986,6.662486
2011,HUIBGOT,13.11,NA,29.60714286,1.669812329,52.78571429,0.328171429,28.38571429,98,7.963227326,27864.57387,0.410071942,0.250944932,53.55986,6.662486
2012,HUIBGOT,13.655,NA,31.96428571,1.466586929,44.7755102,0.1938,9.267857143,119,6.943660529,111189.4148,0.416058394,0.559259865,53.55986,6.662486
2013,HUIBGOT,NA,NA,30.07142857,1.5403195,44.68367347,0.358257143,9.291428571,86,6.106195273,25498.68341,0.492647059,0.728310705,53.55986,6.662486
2014,HUIBGOT,NA,NA,30.27857143,1.885019271,44.66836735,0.343978571,10.94428571,105,4.647465208,36154.23687,0.472,0.642905411,53.55986,6.662486
2015,HUIBGOT,NA,NA,30.79230769,1.299004846,39.95833333,0.228641667,14.23615385,107,8.841857234,105701.5138,0.417910448,0.275416993,53.55986,6.662486
2016,HUIBGOT,NA,NA,30.25714286,1.209444586,42,NA,9.642857143,111,7.869925994,25528.41377,0.408759124,0.231994695,53.55986,6.662486
2017,HUIBGOT,NA,NA,31.06694607,NA,40.16666667,NA,12.50214286,105,3.691553441,24623.30631,0.37593985,0.25230092,53.55986,6.662486
2018,HUIBGOT,NA,NA,30.29285714,NA,NA,NA,8.433571429,102,6.17005104,21358.42323,0.5,0.203449321,53.55986,6.662486
2007,JaBu_W_1,NA,NA,NA,NA,NA,NA,NA,75,5.623357288,1322.733262,0.517857143,0.60786153,53.51284,8.14992
2008,JaBu_W_1,NA,NA,NA,NA,NA,NA,NA,76,1.151527593,9193.056276,0.410526316,0.99357678,53.51284,8.14992
2009,JaBu_W_1,11.99130435,8.195652174,17.24571429,2.945727273,61.16883117,1.192727273,94.63636364,70,6.768509884,5128.833143,0.510204082,0.801601582,53.51284,8.14992
2010,JaBu_W_1,9.65,8.045833333,16.82958333,2.946125,55.6547619,1.308208333,51.70833333,66,11.74482541,4223.946115,0.471910112,0.368304402,53.51284,8.14992
2011,JaBu_W_1,10.8,7.956,17.06333333,2.86188,50.65714286,1.522,36.16,59,5.309492922,848.033217,0.333333333,0.74386,53.51284,8.14992
2012,JaBu_W_1,11.55,7.954545455,17.65,3.101045455,42.72727273,1.419411765,38.36363636,72,7.254887153,2263.825978,0.298701299,0.473506125,53.51284,8.14992
2013,JaBu_W_1,11.07272727,7.986363636,16.73495455,2.7549,50.64935065,1.262222222,30.61904762,61,1.543940428,4115.523212,0.316455696,0.913196996,53.51284,8.14992
2014,JaBu_W_1,12.51666667,7.954166667,17.26854167,3.7815,66.49350649,1.553,37.41666667,75,2.996183172,995.578171,0.380952381,0.915583514,53.51284,8.14992
2015,JaBu_W_1,11.7375,7.941666667,17.32779167,3.427333333,67.64880952,1.575909091,32.41666667,77,7.563673743,11693.47793,0.365591398,0.558375663,53.51284,8.14992
2016,JaBu_W_1,11.90434783,7.92173913,17.09563636,3.213130435,65.68181818,1.616111111,27.95652174,81,9.3398425,8828.10248,0.387755102,0.406068874,53.51284,8.14992
2017,JaBu_W_1,11.67916667,7.9375,17.03083333,2.881791667,51.36904762,1.458181818,33.5,84,8.836520914,8446.760015,0.35,0.775841425,53.51284,8.14992
2018,JaBu_W_1,11.7173913,7.958333333,17.52368421,2.785,52.08333333,1.114761905,41.75,96,3.1584553,12476.57909,0.407079646,0.672003216,53.51284,8.14992
2000,MARSDND,12.826,8.174,27.532,1.8080609,53.2593985,0.25545,22.36842105,131,9.307299479,63884.86078,0,0,52.9833,4.751241
2001,MARSDND,12.37095238,8.121904762,26.9965,1.652838476,55.76190476,0.2714,15.42857143,159,8.33297422,32404.66841,0.342857143,0.29672577,52.9833,4.751241
2002,MARSDND,13.32526316,8.147,26.2805,1.9370929,54.53928571,0.28925,30.25,144,6.705304986,68612.19386,0.362162162,0.541527198,52.9833,4.751241
2003,MARSDND,12.3815,7.878714286,30.12,1.937177789,46.21804511,0.25475,26.2,147,5.423913017,22457.00884,0.409836066,0.152048149,52.9833,4.751241
2004,MARSDND,12.28571429,8.07952381,29.00666667,2.048383,51.43233083,0.1691,26.73684211,114,10.99993022,24902.33452,0.437125749,0.294553225,52.9833,4.751241
2005,MARSDND,12.4815,8.1165,28.645,1.862003444,47.55,0.23175,23.2,141,2.497874124,21705.48426,0.40625,0.758878799,52.9833,4.751241
2006,MARSDND,12.61380952,8.126190476,28.8247619,1.86789181,46.91836735,0.210333333,35.19047619,155,10.23421129,45861.65559,0.373626374,0.870956466,52.9833,4.751241
2007,MARSDND,13.04473684,8.165789474,28.05894737,2.840401789,62.45357143,0.244947368,69.15,137,8.455217454,22813.71573,0.395604396,0.512456894,52.9833,4.751241
2008,MARSDND,11.05153846,NA,28.71692308,3.120423867,57.32380952,0.277,45.26666667,149,8.78296719,43909.63637,0.375,0.427087146,52.9833,4.751241
2009,MARSDND,12.22857143,NA,29.07619048,1.632869238,43.97959184,0.218571429,25.77142857,149,6.85760787,47973.42835,0.397849462,0.612621086,52.9833,4.751241
2010,MARSDND,10.2875,NA,27.85,1.645158,51.20535714,0.253125,30.44375,129,5.173940569,35929.68822,0.429378531,0.100463633,52.9833,4.751241
2011,MARSDND,13.37153846,NA,29.09230769,1.765050233,51.50595238,0.167876923,51.13846154,92,8.694849768,42162.34873,0.496598639,0.793296434,52.9833,4.751241
2012,MARSDND,13.75642857,NA,30.05714286,1.349306057,43.63265306,0.1202,18.52285714,111,6.202809893,53832.05484,0.450381679,0.360679488,52.9833,4.751241
2013,MARSDND,NA,NA,28.27142857,1.989166529,56.5255102,0.207992857,26.48,98,9.939722201,122926.6008,0.507142857,0.306824649,52.9833,4.751241
2014,MARSDND,NA,NA,29.41428571,1.501840314,42.76020408,0.163028571,17.21428571,107,4.680024164,44539.63682,0.3984375,0.380573444,52.9833,4.751241
2015,MARSDND,NA,NA,30.30714286,1.068200629,39.85204082,0.286723077,13.37714286,91,6.562270492,63265.78911,0.35,0.167641415,52.9833,4.751241
2016,MARSDND,NA,NA,28.57142857,1.168891671,43.55102041,NA,14.06857143,110,5.220472254,43708.58783,0.31092437,0.387008114,52.9833,4.751241
2017,MARSDND,NA,NA,29.68571429,NA,39.10204082,NA,17.54857143,126,6.081136574,43027.94898,0.34965035,0.141681547,52.9833,4.751241
2018,MARSDND,NA,NA,29.57142857,NA,NA,NA,13.65714286,113,6.332845461,77748.53802,0.437908497,0.442888126,52.9833,4.751241
2007,Nney_W_2,12.09807692,8.145384615,30.61686275,2.7942,65.1996,0.260456156,48.13153846,112,2.639643252,19455.83,0.395973154,0.973111458,53.69706,7.16506
2008,Nney_W_2,11.496,8.210943396,30.60423077,2.952641509,63.70603774,0.22519524,39.8990566,106,1.81824685,41815.0506,0.335877863,0.984281862,53.69706,7.16506
2009,Nney_W_2,10.53269231,8.2275,30.64653846,2.3438,53.157,0.208835397,33.16115385,96,1.98612225,67065.59848,0.421875,0.823514001,53.69706,7.16506
2010,Nney_W_2,9.513461538,8.199038462,30.83352941,2.780384615,58.805,0.26141407,65.64730769,96,1.734885091,39910.83586,0.41322314,0.881518415,53.69706,7.16506
2011,Nney_W_2,10.90576923,8.136538462,31.13365385,2.772708333,62.678125,0.262063945,111.2067308,82,6.886296136,36043.04505,0.351851852,0.828477135,53.69706,7.16506
2012,Nney_W_2,10.47254902,7.8325,30.68961538,2.864807692,60.54942308,0.296046922,121.0053846,95,6.53175983,87773.28707,0.264705882,0.583681235,53.69706,7.16506
2013,Nney_W_2,9.946415094,8.139811321,30.49188679,2.645471698,59.75716981,0.304156993,106.1653846,85,2.389683872,26927.9694,0.217821782,0.566509,53.69706,7.16506
2014,Nney_W_2,12.47843137,8.125882353,31.1572549,2.902352941,55.46254902,0.387593624,128.6929412,96,3.915385529,68644.3954,0.29245283,0.263053175,53.69706,7.16506
2015,Nney_W_2,11.46153846,8.028076923,30.79711538,2.691764706,58.40352941,0.32097152,140.7356,103,7.498403035,99602.98367,0.269565217,0.43583746,53.69706,7.16506
2016,Nney_W_2,11.55294118,8.12372549,30.78705882,2.622352941,53.75372549,0.266088351,127.2168627,115,4.61143012,37310.32011,0.323076923,0.521019845,53.69706,7.16506
2017,Nney_W_2,11.53921569,8.121705882,31.48176471,2.012156863,45.2712,0.204318459,70.89447059,111,1.911488167,58928.3295,0.350364964,0.325816492,53.69706,7.16506
2018,Nney_W_2,11.39215686,8.119137255,31.54637255,1.578627451,36.69470588,0.409180325,46.19578431,118,1.672627583,56528.28441,0.398601399,0.041621492,53.69706,7.16506
2000,ROTTMPT3,14.6315,8.052833333,30.88833333,2.430102667,43.72619048,0.1375,22.66666667,111,8.814899649,20927.15737,0,0,53.5661111,6.5641667
2001,ROTTMPT3,16.765,8.0325,29.58,2.0887055,41.80357143,0.2105,10.75,89,6.615672113,2801.15475,0.461538462,0.240495771,53.5661111,6.5641667
2002,ROTTMPT3,15.87085714,8.038428571,29.52857143,2.811054286,45.8877551,0.221857143,15.85714286,112,6.317358681,15843.2963,0.477272727,0.479456038,53.5661111,6.5641667
2003,ROTTMPT3,15.4174,7.9578,30.974,2.834095714,41.60204082,0.221571429,14.4,97,4.818392456,18487.29405,0.392307692,0.430885621,53.5661111,6.5641667
2004,ROTTMPT3,14.30485714,7.966142857,30.54571429,3.018427143,53.76530612,0.230428571,34.38571429,65,9.232165082,20940.92542,0.527272727,0.437185351,53.5661111,6.5641667
2005,ROTTMPT3,15.401,7.951666667,30.29166667,2.059135667,42.67857143,0.107833333,16.51666667,90,7.885119379,14784.73701,0.480392157,0.215535328,53.5661111,6.5641667
2006,ROTTMPT3,12.69,7.98125,30.49,4.011722182,45.43506493,0.311,19.6,102,7.425999259,12959.67778,0.476190476,0.529079055,53.5661111,6.5641667
2007,ROTTMPT3,14.51442857,7.980666667,29.88,2.3290276,65.31428571,0.355625,24.54,112,8.754494413,15583.00103,0.503496503,0.617099523,53.5661111,6.5641667
2008,ROTTMPT3,12.6336,NA,30.704,2.4919305,50.87142858,0.2387,45.6,107,10.68123183,24982.07983,0.413043478,0.529832867,53.5661111,6.5641667
2009,ROTTMPT3,10.79,NA,30.74,2.2064472,48.28571429,0.308,24.56,99,7.47115013,17314.74856,0.45112782,0.599209561,53.5661111,6.5641667
2010,ROTTMPT3,8.31,NA,29.42222222,2.3161244,65.71428571,0.466,21.92,95,7.571805134,20317.34885,0.435483871,0.629139458,53.5661111,6.5641667
2011,ROTTMPT3,13.49714286,NA,30.51428571,2.441469771,49.3265306,0.2443,24.38571429,84,6.491847976,40391.57168,0.47008547,0.822311683,53.5661111,6.5641667
2012,ROTTMPT3,14.23,NA,30.81428571,1.882023886,40.95918367,0.1105,12.76833333,80,7.26929892,60405.90857,0.495412844,0.590559796,53.5661111,6.5641667
2013,ROTTMPT3,NA,NA,30.9,1.8161254,42.92857143,0.209385714,24,75,6.047904547,39200.9309,0.465346535,0.539209451,53.5661111,6.5641667
2014,ROTTMPT3,NA,NA,31.2,2.302299543,43.48979592,0.2993,27.25857143,90,5.181225125,24911.76964,0.5,0.547635759,53.5661111,6.5641667
2015,ROTTMPT3,NA,NA,31.83333333,1.366663933,41.33333333,0.14648,31.33666667,82,7.962868005,53544.12992,0.464285714,0.39578533,53.5661111,6.5641667
2016,ROTTMPT3,NA,NA,31.05714286,1.637784743,38.16326531,NA,22.23428571,79,5.639797513,32485.08295,0.421568627,0.435117649,53.5661111,6.5641667
2017,ROTTMPT3,NA,NA,31.53333333,NA,NA,NA,28.91285714,83,6.051267443,12488.85752,0.471698113,0.092919589,53.5661111,6.5641667
2018,ROTTMPT3,NA,NA,31.25714286,NA,NA,NA,12.14714286,87,3.120940186,34842.97493,0.482142857,0.483983503,53.5661111,6.5641667
2000,ROTTMPT50,14.2765,8.085833333,33.42166667,0.672041667,16.86904762,0.06,3.833333333,100,7.305375935,6816.597151,0,0,53.9538889,6.31
2001,ROTTMPT50,15.48475,8.12325,32.7125,0.661289,17.33928572,0.055,3,86,2.242622093,5090.37865,0.487804878,0.365100088,53.9538889,6.31
2002,ROTTMPT50,15.172,8.06,32.96,0.64516,16.71428571,0.027428571,1.857142857,115,8.40049169,4003.818316,0.5,0.434324145,53.9538889,6.31
2003,ROTTMPT50,15.3572,8.0424,33.262,1.010750667,16.46428572,0.0655,2.2,126,8.71717026,4733.057114,0.424836601,0.398095317,53.9538889,6.31
2004,ROTTMPT50,13.47228571,8.048857143,33.89285714,0.603685429,15.48979592,0.047571429,6.171428571,76,4.309267359,1324.570094,0.525547445,0.534933979,53.9538889,6.31
2005,ROTTMPT50,13.59533333,8.091166667,33.14,0.693547,16.22619048,0.0455,2.866666667,95,12.61775061,829.8694235,0.550847458,0.505767784,53.9538889,6.31
2006,ROTTMPT50,15.7875,8.11725,33.1875,1.182793333,18.11904762,0.038833333,5.066666667,96,6.157528587,2460.184552,0.459677419,0.772866221,53.9538889,6.31
2007,ROTTMPT50,16.2925,8.005285714,33.30875,0.709676,13.67346939,0.039714286,4.085714286,105,7.28206979,1044.402504,0.511111111,0.720072016,53.9538889,6.31
2008,ROTTMPT50,15.79142857,NA,33.61714286,1.12903,15.41836735,0.033857143,3,98,4.965223771,10148.14853,0.496296296,0.7161124,53.9538889,6.31
2009,ROTTMPT50,15.45714286,NA,33.81428571,0.534561143,13.46938776,0.022857143,2.642857143,121,4.714451331,6246.157374,0.479166667,0.737440904,53.9538889,6.31
2010,ROTTMPT50,14.38333333,NA,32.93333333,1.467739,22,0.015,1.88,91,3.029721488,4656.591146,0.537931034,0.207058465,53.9538889,6.31
2011,ROTTMPT50,16.9,NA,33.7,0.9709658,15.73469388,0.031728571,3.107142857,82,11.09628023,4570.859317,0.570247934,0.724208012,53.9538889,6.31
2012,ROTTMPT50,14.5,NA,33.16666667,0.6177407,17.53571429,0.040366667,4.913333333,67,6.921594468,35299.51043,0.51,0.652300793,53.9538889,6.31
2013,ROTTMPT50,NA,NA,32.48571429,0.735943229,19.05102041,0.027128571,7.767142857,68,8.464910622,3783.199913,0.59375,0.177266183,53.9538889,6.31
2014,ROTTMPT50,NA,NA,33.22857143,0.584791457,15.74489796,0.039757143,4.475714286,87,4.255999823,8821.545241,0.616071429,0.811546074,53.9538889,6.31
2015,ROTTMPT50,NA,NA,33.58333333,0.72838564,14.13095238,0.036333333,3.45,64,6.989065901,7119.6032,0.601851852,0.767203123,53.9538889,6.31
2016,ROTTMPT50,NA,NA,33.22857143,0.268294394,13.80612245,NA,2.671428571,29,5.685652968,316.8976575,0.632352941,0.609993577,53.9538889,6.31
2017,ROTTMPT50,NA,NA,33.64,NA,NA,NA,3.24,80,4.024511471,8548.733078,0.717647059,0.614255071,53.9538889,6.31
2018,ROTTMPT50,NA,NA,32.75,NA,NA,NA,5.898571429,78,3.628528693,4459.62319,0.550458716,0.489332386,53.9538889,6.31
2000,ROTTMPT70,14.117,8.063333333,34.00166667,0.612902,12.97619048,0.0655,2.833333333,119,5.780244949,15355.60601,0,0,54.1180556,6.2141667
2001,ROTTMPT70,14.974,8.1524,33.322,0.5354828,14.14285714,0.0446,2,96,3.163276974,4932.519053,0.45323741,0.33169137,54.1180556,6.2141667
2002,ROTTMPT70,15.14242857,8.060714286,33.27071429,0.571427429,14.71428572,0.031714286,1.857142857,128,7.243003335,13452.70937,0.433566434,0.355114251,54.1180556,6.2141667
2003,ROTTMPT70,15.4074,8.0496,33.522,0.705067714,13.93877551,0.062142857,1.528571429,119,7.592909406,6670.418257,0.396103896,0.298855372,54.1180556,6.2141667
2004,ROTTMPT70,13.31842857,8.009285714,34.18714286,0.649768286,14.59183673,0.070571429,4.614285714,106,5.065478361,8240.830715,0.415492958,0.175301764,54.1180556,6.2141667
2005,ROTTMPT70,13.40883333,8.0775,33.52666667,0.586020333,14.63095238,0.040333333,4.616666667,119,10.15433615,7523.34695,0.489932886,0.264730522,54.1180556,6.2141667
2006,ROTTMPT70,16.07625,8.080625,33.5125,0.8451596,16.97142857,0.0348,2.52,102,9.895581227,11495.31793,0.421428571,0.472016753,54.1180556,6.2141667
2007,ROTTMPT70,17.10333333,8.013666667,34.00857143,0.525344571,10.08163265,0.019,2.45,102,10.05609552,2716.889214,0.466165414,0.335993161,54.1180556,6.2141667
2008,ROTTMPT70,NA,NA,34.11857143,0.465436857,8.193877551,0.026857143,2.285714286,100,4.101055821,1603.345204,0.492537313,0.461244591,54.1180556,6.2141667
2009,ROTTMPT70,NA,NA,34.08571429,0.465436857,10.51020408,0.032857143,1.857142857,133,12.68810229,6839.665312,0.534591195,0.626887301,54.1180556,6.2141667
2010,ROTTMPT70,14.10416667,NA,33.26666667,1.607523667,18.33333333,0.016666667,2.466666667,107,6.766356647,5396.648849,0.47133758,0.651687809,54.1180556,6.2141667
2011,ROTTMPT70,14.36666667,NA,33.97142857,0.6387084,16.07142857,0.0393,2.331428571,89,10.70944825,7399.522062,0.526315789,0.415925692,54.1180556,6.2141667
2012,ROTTMPT70,14.91428571,NA,33.92857143,0.644238343,20.07142857,0.034442857,6.07,86,3.405464692,60652.42187,0.504273504,0.695064801,54.1180556,6.2141667
2013,ROTTMPT70,NA,NA,32.8,15.52439291,31.65306122,0.026542857,4.512857143,75,7.292441058,4275.22479,0.575221239,0.533628012,54.1180556,6.2141667
2014,ROTTMPT70,NA,NA,33.38571429,0.731795771,15.78571429,0.032671429,3.678571429,85,4.578698426,5132.2312,0.632478632,0.60926672,54.1180556,6.2141667
2015,ROTTMPT70,NA,NA,34,0.568662457,12.59183673,0.039342857,5.806666667,56,3.853899833,11965.4634,0.56122449,0.106807509,54.1180556,6.2141667
2016,ROTTMPT70,NA,NA,33.54,0.38903148,13.60714286,NA,6.165,35,5.529404321,279.5893891,0.578125,0.490961087,54.1180556,6.2141667
2017,ROTTMPT70,NA,NA,34.04,0.68128896,19.28571429,NA,9.012,73,5.627555808,5349.183869,0.632911392,0.586840713,54.1180556,6.2141667
2018,ROTTMPT70,NA,NA,33.21666667,NA,NA,NA,10.41285714,103,3.189313885,2937.931264,0.603174603,0.798367844,54.1180556,6.2141667
2000,TERSLG10,12.83341667,8.111083333,32.27333333,0.873654167,25.20833333,0.138833333,3.666666667,134,6.617750777,7521.165138,0,0,53.4611111,5.1008333
2001,TERSLG10,13.8,8.194272727,32.23181818,0.826977818,22.55844156,0.080272727,3.854545455,123,6.595866464,10831.98065,0.442424242,0.289921391,53.4611111,5.1008333
2002,TERSLG10,12.9099375,8.053125,31.838125,0.816530625,27.92857143,0.1261875,2.875,131,6.334279341,21123.81355,0.382165605,0.097237109,53.4611111,5.1008333
2003,TERSLG10,13.059,8.0674,32.695,0.912440571,23.01530612,0.090071429,3.721428571,135,5.741911609,9156.353049,0.397590361,0.094737685,53.4611111,5.1008333
2004,TERSLG10,13.02264286,8.048142857,33.23857143,0.714284286,20.30102041,0.055714286,3.285714286,117,5.756408196,16766.89897,0.394904459,0.05354826,53.4611111,5.1008333
2005,TERSLG10,12.5265,8.08725,32.884375,1.110596857,23.94761905,0.0874,4.286666667,121,4.898608238,15158.16803,0.444444444,0.358370123,53.4611111,5.1008333
2006,TERSLG10,12.1866875,8.044466667,32.760625,0.910392444,21.76190476,0.094388889,3.722222222,154,7.947644998,11706.38201,0.4375,0.626853043,53.4611111,5.1008333
2007,TERSLG10,12.94971429,8.151461538,32.45785714,0.928569571,28.48469388,0.1565,5.985714286,141,9.645524076,8863.347836,0.370165746,0.639493471,53.4611111,5.1008333
2008,TERSLG10,13.90664286,NA,32.955,0.5677408,19.09523809,0.070666667,3.2,112,7.972096171,12180.83249,0.41875,0.392506152,53.4611111,5.1008333
2009,TERSLG10,12.45,NA,33.33888889,0.732973444,20.63492063,0.084444444,4.283333333,133,8.08514911,26487.48965,0.39869281,0.413765493,53.4611111,5.1008333
2010,TERSLG10,10.18666667,NA,32.34,1.075266667,29.23809524,0.100666667,6.24,139,12.40086856,9375.275067,0.418604651,0.374513161,53.4611111,5.1008333
2011,TERSLG10,13.27923077,NA,32.93076923,0.707194615,22.72527473,0.020669231,4.086923077,94,10.35071126,22046.81771,0.534591195,0.352566386,53.4611111,5.1008333
2012,TERSLG10,13.77769231,NA,32.99166667,1.303669849,22.98351648,0.038376923,6.995384615,105,9.364852939,38156.71102,0.469230769,0.200145864,53.4611111,5.1008333
2013,TERSLG10,NA,NA,32.20714286,0.836173443,23.81122449,0.093678571,7.367857143,112,1.494636698,6748.067447,0.562913907,0.810579082,53.4611111,5.1008333
2014,TERSLG10,NA,NA,32.70769231,0.650867185,19.51648352,0.024307692,6.433076923,110,4.010794397,13010.69891,0.510067114,0.830609699,53.4611111,5.1008333
2015,TERSLG10,NA,NA,33.16428571,0.955988871,18.21938775,0.0378,8.251538462,89,5.059821664,23705.19454,0.525925926,0.860442069,53.4611111,5.1008333
2016,TERSLG10,NA,NA,32.48333333,0.567525747,20.17261905,NA,4.578333333,54,4.15400895,11528.94024,0.57,0.293824061,53.4611111,5.1008333
2017,TERSLG10,NA,NA,33.17692308,NA,NA,NA,8.819230769,117,4.163193175,19989.47053,0.598360656,0.242864551,53.4611111,5.1008333
2018,TERSLG10,NA,NA,33,NA,NA,NA,10.26,113,3.953118431,23894.7162,0.486842105,0.584188781,53.4611111,5.1008333
2000,TERSLG100,11.21738462,8.005076923,34.48923077,0.601381286,10.48469388,0.080714286,2,139,6.717642273,6808.855555,0,0,54.1494444,4.3419444
2001,TERSLG100,13.25936364,8.086818182,34.39727273,0.454544545,8.61038961,0.054090909,1.363636364,152,7.315398118,3453.442051,0.337142857,0.147665108,54.1494444,4.3419444
2002,TERSLG100,12.47825,7.9741875,34.410625,0.5403215,8.607142857,0.041875,1.4375,151,7.216907042,5129.151746,0.344262295,0.242019995,54.1494444,4.3419444
2003,TERSLG100,13.85444444,8.074,34.35,0.622118571,10.40659341,0.064923077,1.607142857,152,6.100892208,2300.727238,0.35326087,0.441066745,54.1494444,4.3419444
2004,TERSLG100,12.157125,7.9574375,34.675,0.618950375,9.5625,0.062875,3.34375,147,8.534852119,5456.907742,0.348066298,0.674544665,54.1494444,4.3419444
2005,TERSLG100,11.8900625,7.9521875,34.779375,0.673116933,8.174107143,0.0809375,2.64375,143,8.985552606,3620.413208,0.333333333,0.185408096,54.1494444,4.3419444
2006,TERSLG100,11.88446667,7.994071429,34.738,0.647176125,8.044642857,0.0719375,2.18125,123,9.466709228,2736.659794,0.426035503,0.269494955,54.1494444,4.3419444
2007,TERSLG100,12.36514286,8.053230769,34.615,0.6709664,11.46190476,0.0696,2,129,13.74210439,2295.665786,0.405063291,0.26097976,54.1494444,4.3419444
2008,TERSLG100,12.82946667,NA,34.33366667,0.423655067,7.547619047,0.036,2.214285714,139,8.726378865,3282.054048,0.355828221,0.285824572,54.1494444,4.3419444
2009,TERSLG100,12.09444444,NA,34.74444444,0.698923333,11.07142857,0.070555556,2.877777778,162,9.038956733,2882.325591,0.318435754,0.469755137,54.1494444,4.3419444
2010,TERSLG100,9.475757576,NA,34.53636364,0.724338727,17.27272728,0.072727273,3.590909091,126,12.74145052,1144.907974,0.354285714,0.551593538,54.1494444,4.3419444
2011,TERSLG100,11.18714286,NA,34.51428571,0.580183171,9.187755101,0.040714286,1.83,110,8.862755957,1894.555895,0.426666667,0.454303363,54.1494444,4.3419444
2012,TERSLG100,11.02166667,NA,34.6,0.6499987,13.26190476,0.043333333,6.683333333,114,7.234890161,2668.870597,0.465753425,0.690386384,54.1494444,4.3419444
2013,TERSLG100,NA,NA,34.32857143,0.783316406,13.94897959,0.045228571,6.757142857,120,8.308269697,2868.951315,0.450331126,0.608485139,54.1494444,4.3419444
2014,TERSLG100,NA,NA,34.43333333,0.457525967,11.19047619,0.034766667,4.543333333,118,5.842998826,1347.619942,0.5125,0.202369432,54.1494444,4.3419444
2015,TERSLG100,NA,NA,34.5,0.542687087,10.97619048,0.02998,2.993333333,86,3.445062223,2215.60217,0.630872483,0.83074945,54.1494444,4.3419444
2016,TERSLG100,NA,NA,34.675,0.09483852,11.85714286,NA,3.74,44,2.633293198,1594.062735,0.673469388,0.8449238,54.1494444,4.3419444
2017,TERSLG100,NA,NA,34.48571429,NA,NA,NA,2.861428571,97,3.743630706,1212.014073,0.706422018,0.231043835,54.1494444,4.3419444
2018,TERSLG100,NA,NA,34.3,NA,NA,NA,10.094,114,6.186034358,642.2951389,0.574324324,0.223575164,54.1494444,4.3419444
2000,TERSLG135,11.92090909,8.001,34.56090909,0.551074167,8.285714286,0.052583333,1.583333333,135,5.59539842,3623.056063,0,0,54.4155556,4.0411111
2001,TERSLG135,13.01227273,8.104909091,34.52454545,0.343107818,7.785714286,0.0311,1.9,153,7.447418178,2830.878451,0.363636364,0.291677345,54.4155556,4.0411111
2002,TERSLG135,12.29425,7.9323125,34.524375,0.49596675,6.946428572,0.035125,1.3125,146,6.761026169,2555.78783,0.366120219,0.219102526,54.4155556,4.0411111
2003,TERSLG135,13.0671,8.04505,34.399,0.608293714,9.668367347,0.041214286,1.207142857,160,9.530157806,3175.615952,0.40625,0.155788054,54.4155556,4.0411111
2004,TERSLG135,12.130625,7.9451875,34.79625,0.59274075,8.580357143,0.04825,2.825,155,6.60774133,2115.584881,0.384615385,0.23518197,54.4155556,4.0411111
2005,TERSLG135,11.539,7.9559375,34.89875,0.701073867,7.540178571,0.063625,2.05625,139,7.484328579,2764.187389,0.357541899,0.35974986,54.4155556,4.0411111
2006,TERSLG135,11.87716667,8.005714286,34.71566667,0.69757925,7.107142857,0.0573125,1.8,125,7.485363331,3178.068253,0.360248447,0.51517099,54.4155556,4.0411111
2007,TERSLG135,12.05092857,8.044642857,34.77571429,0.655912667,12.55714286,0.059333333,2.14,146,9.09801419,3252.312089,0.396449704,0.380250122,54.4155556,4.0411111
2008,TERSLG135,12.6901875,NA,34.481875,0.4112895,7.723214286,0.0481875,1.9375,147,9.56916005,4574.669564,0.43315508,0.352847147,54.4155556,4.0411111
2009,TERSLG135,11.64117647,NA,34.60588235,0.561668706,9.87394958,0.047058824,2.217647059,163,8.242097952,4341.782115,0.342245989,0.533726411,54.4155556,4.0411111
2010,TERSLG135,8.839393939,NA,34.66363636,0.571846364,13.50649351,0.062727273,2.663636364,131,10.17685932,1709.29639,0.375690608,0.423909805,54.4155556,4.0411111
2011,TERSLG135,10.20714286,NA,34.58571429,0.500459829,9.174489796,0.038114286,2.802857143,120,7.597231123,2215.804972,0.411392405,0.266216446,54.4155556,4.0411111
2012,TERSLG135,10.38611111,NA,34.68333333,0.834406933,13.73809524,0.036783333,7.23,126,11.98866938,2169.038175,0.4625,0.772951054,54.4155556,4.0411111
2013,TERSLG135,NA,NA,34.45714286,1.588107423,14.01020408,0.057785714,5.594285714,116,10.29482774,2307.899973,0.397350993,0.385498343,54.4155556,4.0411111
2014,TERSLG135,NA,NA,34.46666667,0.575590247,12.65476191,0.031733333,4.738333333,116,5.962407257,1578.674437,0.473684211,0.672684817,54.4155556,4.0411111
2015,TERSLG135,NA,NA,34.62857143,0.580644,11.33333334,0.033583333,2.665,96,6.331635558,1618.072034,0.507042254,0.381343751,54.4155556,4.0411111
2016,TERSLG135,NA,NA,34.52,1.018965704,7.36,NA,12.37,44,4.686259344,526.3187255,0.640776699,0.132783418,54.4155556,4.0411111
2017,TERSLG135,NA,NA,34.44285714,NA,NA,NA,3.517142857,112,4.776155972,7394.601322,0.7,0.565701318,54.4155556,4.0411111
2018,TERSLG135,NA,NA,34.3,NA,NA,NA,7.46,100,3.220223709,3534.44639,0.527777778,0.56638364,54.4155556,4.0411111
2000,TERSLG175,11.30058333,7.995583333,34.79923077,0.702231846,7.433673469,0.049230769,1.428571429,152,6.938557533,2390.612982,0,0,54.7191667,3.6916667
2001,TERSLG175,13.059,8.0775,34.605,0.4129024,7.5,0.037,1.2,143,7.718645045,2369.073712,0.323863636,0.178169858,54.7191667,3.6916667
2002,TERSLG175,12.18925,7.9568125,34.65375,0.516128,7.370535714,0.0291875,1.0625,140,9.239159424,3886.358945,0.31547619,0.163960248,54.7191667,3.6916667
2003,TERSLG175,12.8362,7.9989,34.595,0.624422714,8.530612246,0.037785714,1.242857143,137,8.612434812,2047.490957,0.426136364,0.327724498,54.7191667,3.6916667
2004,TERSLG175,11.8685,7.9275625,34.834375,0.5241925,7.714285714,0.0380625,2.33125,148,7.158991718,2685.90599,0.389830508,0.226672718,54.7191667,3.6916667
2005,TERSLG175,11.3084375,7.96275,34.943125,0.711692125,7.4375,0.0505,2.25625,151,9.51610988,3055.000759,0.329608939,0.351330517,54.7191667,3.6916667
2006,TERSLG175,11.5925,7.991545455,34.72583333,0.649768286,7.30612245,0.048714286,1.45,116,9.247696076,3031.799676,0.401197605,0.496486956,54.7191667,3.6916667
2007,TERSLG175,11.85671429,8.023642857,34.92785714,0.597848267,7.609523809,0.036066667,1.84,136,12.32424548,3694.43837,0.394904459,0.423435947,54.7191667,3.6916667
2008,TERSLG175,12.71066667,NA,34.578,0.436558267,7.4,0.035133333,2.2,140,10.11511974,4233.644779,0.395348837,0.372585487,54.7191667,3.6916667
2009,TERSLG175,11.62777778,NA,34.79444444,1.136198444,7.936507936,0.045,1.516666667,146,12.38684754,3791.659965,0.356321839,0.40973742,54.7191667,3.6916667
2010,TERSLG175,8.289583333,NA,34.725,0.532257,10.71428571,0.0525,2.133333333,103,6.786103465,522.9332514,0.462962963,0.595330269,54.7191667,3.6916667
2011,TERSLG175,9.397777778,NA,34.7,0.502149533,6.580952381,0.01,1.72,61,7.127856028,1023.547929,0.522522523,0.686285206,54.7191667,3.6916667
2012,TERSLG175,9.345555554,NA,34.86666667,0.634407333,12.14285715,0.048566667,6.04,94,4.953900131,2199.329693,0.590909091,0.734690897,54.7191667,3.6916667
2013,TERSLG175,NA,NA,34.55,0.5790311,14.71428572,0.054425,7.213333333,95,9.442429041,3416.064759,0.511811024,0.778217937,54.7191667,3.6916667
2014,TERSLG175,NA,NA,34.575,0.59757945,10.28571429,0.03695,3.256666667,87,4.823081069,786.0415992,0.470588235,0.316858482,54.7191667,3.6916667
2015,TERSLG175,NA,NA,34.775,2.16660857,10.67857143,0.0565,5.4675,72,2.291353828,838.4512669,0.580357143,0.797948317,54.7191667,3.6916667
2016,TERSLG175,NA,NA,34.66666667,0.216343653,8.319047619,NA,2.956666667,31,1.776734275,122.4098664,0.743902439,0.7620889,54.7191667,3.6916667
2017,TERSLG175,NA,NA,34.6,NA,7.357142857,NA,3.48,86,3.441568032,2266.353966,0.755319149,0.287822374,54.7191667,3.6916667
2018,TERSLG175,NA,NA,34.45,NA,NA,NA,2.143333333,59,5.608342321,655.143775,0.669724771,0.381056994,54.7191667,3.6916667
2000,TERSLG235,11.10957143,7.987785714,34.95071429,0.785712714,8.479591837,0.042071429,1.928571429,151,4.750453449,5675.674603,0,0,55.1722222,3.1575
2001,TERSLG235,11.89745455,8.059454545,34.75909091,0.445746909,8.207792208,0.027909091,1.727272727,133,7.048586181,1972.136758,0.348837209,0.399643364,55.1722222,3.1575
2002,TERSLG235,11.9551875,7.9598125,34.72125,0.5935472,7.333333333,0.0240625,1.25,144,8.239121109,4924.420144,0.370588235,0.34479398,55.1722222,3.1575
2003,TERSLG235,12.55390909,8.003363636,34.72545455,0.649768286,7.408163265,0.026071429,1.292857143,143,8.998202637,2533.697732,0.396648045,0.281675502,55.1722222,3.1575
2004,TERSLG235,11.4106,7.930666667,34.97466667,1.126879467,8.695238095,0.030933333,3.38,151,7.733866281,3586.470787,0.393442623,0.322089332,55.1722222,3.1575
2005,TERSLG235,10.992625,7.9551875,34.936875,1.131180533,8.147321429,0.0418125,2.525,148,8.519975767,2728.430933,0.291428571,0.247967551,55.1722222,3.1575
2006,TERSLG235,11.85869231,8.005,34.92076923,0.682380769,7.593406593,0.033846154,2.721428571,133,4.878901536,3133.801718,0.356725146,0.573552025,55.1722222,3.1575
2007,TERSLG235,11.51185714,7.994714286,35.00785714,0.602976462,8.693877551,0.03,2.413333333,117,11.37841029,3671.711192,0.355263158,0.641899022,55.1722222,3.1575
2008,TERSLG235,11.977875,NA,34.820625,0.451612,8.080357143,0.0305,2.5,133,4.863067348,3229.971676,0.4375,0.77136648,55.1722222,3.1575
2009,TERSLG235,11.44444444,NA,35.10555556,1.363796556,8.80952381,0.032777778,2.088888889,146,13.84856365,3705.893893,0.43258427,0.757251608,55.1722222,3.1575
2010,TERSLG235,9.09375,NA,34.625,0.4758055,13.03571429,0.0225,2.475,91,5.814376861,842.9134035,0.509433962,0.805757654,55.1722222,3.1575
2011,TERSLG235,11.55222222,NA,34.76666667,0.691396467,4.938095238,0.01,1.963333333,76,7.030653648,907.778059,0.508928571,0.855026177,55.1722222,3.1575
2012,TERSLG235,10.84416667,NA,34.975,1.1951589,11.66071429,0.044175,2.3775,96,9.306153913,1610.700535,0.52991453,0.147753916,55.1722222,3.1575
2013,TERSLG235,NA,NA,34.75,0.5596763,13.26785714,0.02345,4.4175,77,5.653536283,10639.25931,0.593495935,0.938352765,55.1722222,3.1575
2014,TERSLG235,NA,NA,34.65,1.19757825,9.464285715,0.0311,4.475,80,5.009075864,823.1719777,0.646551724,0.911344784,55.1722222,3.1575
2015,TERSLG235,NA,NA,34.675,0.7338695,12.83928571,0.03845,3.985,52,4.602667618,334.4266039,0.610526316,0.424901357,55.1722222,3.1575
2016,TERSLG235,NA,NA,33.76666667,0.67386962,8.928571429,NA,4.933333333,46,4.125367038,340.1838433,0.579710145,0.758334723,55.1722222,3.1575
2017,TERSLG235,NA,NA,34.73333333,NA,NA,NA,4.543333333,46,3.820405097,363.4189266,0.606060606,0.218620208,55.1722222,3.1575
2018,TERSLG235,NA,NA,34.7,NA,NA,NA,2.633333333,58,5.529404242,558.1559884,0.631578947,0.277101164,55.1722222,3.1575
2000,TERSLG4,12.60471429,8.142785714,31.91714286,1.235020571,30.98979592,0.146642857,9.357142857,139,8.197429494,49090.9377,0,0,53.4152778,5.1505556
2001,TERSLG4,13.431,8.148272727,31.50181818,1.085041818,30.42207792,0.136909091,7.1,118,7.453502467,6284.16162,0.479289941,0.351812464,53.4152778,5.1505556
2002,TERSLG4,13.0718125,8.0431875,31.226875,1.054433375,32.04017857,0.165875,6.875,133,5.489335482,9273.576326,0.401273885,0.431698658,53.4152778,5.1505556
2003,TERSLG4,12.56490909,8.021363636,32.04272727,1.244237143,30.15238095,0.1508,9.506666667,133,4.557761878,7882.680199,0.36809816,0.481748423,53.4152778,5.1505556
2004,TERSLG4,12.58046667,8.050366667,32.722,1.0451592,28.07142857,0.0602,9.133333333,116,8.206161253,16474.38122,0.44375,0.283670358,53.4152778,5.1505556
2005,TERSLG4,12.4986875,8.0926875,32.265625,1.131334143,28.37619048,0.0984,8.673333333,136,3.277906323,20084.61153,0.444444444,0.545866377,53.4152778,5.1505556
2006,TERSLG4,12.3955,8.056,32.10733333,1.354836,27.64705882,0.097588235,10.52352941,161,9.550240592,19529.25514,0.385869565,0.783043851,53.4152778,5.1505556
2008,TERSLG50,13.54466667,NA,34.335,0.536655818,10.44047619,0.066166667,2.666666667,115,5.664849877,2053.879779,0,0,53.7675,4.7669444
2010,TERSLG50,9.757142857,NA,33.96428571,1.630269692,18.97959184,0.097857143,NA,112,5.526815923,6876.792769,0.455782313,0.664464044,53.7675,4.7669444
2011,TERSLG50,12.60615385,NA,34.25384615,0.569974046,14.25824176,0.050923077,NA,93,6.965911864,5329.486575,0.503649635,0.916408321,53.7675,4.7669444
2012,TERSLG50,13.54636364,NA,34.55,0.865687418,16.29025974,0.0702,NA,110,7.293495881,5530.671082,0.539568345,0.78650101,53.7675,4.7669444
2013,TERSLG50,NA,NA,33.76923077,0.7354824,17.85714286,0.066846154,NA,96,1.865808807,1614.790934,0.517985612,0.945808884,53.7675,4.7669444
2014,TERSLG50,NA,NA,34.23076923,0.62516004,11.88681319,0.0323,NA,130,8.06327201,3431.792449,0.513157895,0.578412068,53.7675,4.7669444
2015,TERSLG50,NA,NA,34.35454545,0.618339777,14.55102041,0.045333333,NA,117,9.409553683,7719.902018,0.484662577,0.500718611,53.7675,4.7669444
2016,TERSLG50,NA,NA,NA,0.525733716,14.21,NA,NA,51,5.414814332,377.0523177,0.666666667,0.785283408,53.7675,4.7669444
2017,TERSLG50,NA,NA,NA,NA,NA,NA,NA,103,2.653123739,12278.57015,0.660869565,0.878881341,53.7675,4.7669444
2018,TERSLG50,NA,NA,NA,NA,NA,NA,NA,120,3.039867808,9386.352691,0.513333333,0.049698019,53.7675,4.7669444
2008,WeMu_W_1,NA,NA,NA,3.871,78.57142857,NA,NA,61,1.921836566,8618.78,0.481927711,0.916363548,53.66597,8.38156
2009,WeMu_W_1,15,8,13.54142857,3.70975,90.17857143,1.08125,NA,61,5.211492936,2701.36,0.475,0.75756008,53.66597,8.38156
2010,WeMu_W_1,14.07142857,8.042857143,14.46625,2.83875,70.89285713,1.545,44.625,57,3.826502502,4980.942916,0.361111111,0.541193405,53.66597,8.38156
2011,WeMu_W_1,15.05714286,8.085714286,14.48185714,2.548571429,59.28571428,1.513333333,43.75,53,7.256674443,3227.521827,0.333333333,0.825623728,53.66597,8.38156
2012,WeMu_W_1,14.9,8.133333333,15.64666667,1.989166667,38.80952381,1.21,14.83333333,58,6.081435477,15393.42,0.292307692,0.732078326,53.66597,8.38156
2013,WeMu_W_1,15.63333333,8.133333333,13.28166667,2.758,82.14285715,1.91,20.66666667,49,5.755084764,4792.44,0.328125,0.747188536,53.66597,8.38156
2014,WeMu_W_1,15.61428571,8.028571429,13.95242857,2.843285714,73.46938775,1.91,18.14285714,62,6.587473031,2992.39,0.414285714,0.733929313,53.66597,8.38156
2015,WeMu_W_1,17.075,8.025,16.1075,2.1935,50.89285714,1.7,8.5,63,5.799996278,1009.713206,0.355263158,0.362926987,53.66597,8.38156
2016,WeMu_W_1,11.06666667,7.95,14.608,3.5744,87.57142857,1.638,103.16,59,6.986713889,2206.26,0.415584416,0.681942292,53.66597,8.38156
2017,WeMu_W_1,15.16,7.9625,13.43444444,2.8064,72.14285715,1.786666667,28.7,79,4.989925214,7966.592772,0.606060606,0.991222214,53.66597,8.38156
2018,WeMu_W_1,13.65714286,8.157142857,14.28285714,2.465428571,64.79591837,0.983333333,30.71428571,74,1.211268256,2278.11465,0.454545455,0.980180785,53.66597,8.38156
2000,ZUIDOLWOT,11.26631579,8.144736842,28.75052632,4.809837579,92.07983193,0.691894737,58.02352941,131,10.03915615,143764.6523,0,0,53.44915,6.51349
2001,ZUIDOLWOT,12.18952381,8.066666667,28.13809524,5.506901429,102.3979592,0.868263158,65.33333333,126,7.270743737,55598.31308,0.383647799,0.341121695,53.44915,6.51349
2002,ZUIDOLWOT,12.333,8.094,27.092,5.1386994,87.46785714,0.84575,58.85,122,5.577108416,71284.53931,0.38961039,0.332805718,53.44915,6.51349
2003,ZUIDOLWOT,11.85714286,8.131904762,29.60571429,5.239620857,80.0170068,0.630666667,54.66666667,104,8.123283521,99838.0986,0.430555556,0.144909206,53.44915,6.51349
2004,ZUIDOLWOT,10.74222222,7.941111111,29.16666667,4.123930632,75.09774436,0.618235294,54.38888889,95,3.209782362,54988.74657,0.39516129,0.823337813,53.44915,6.51349
2005,ZUIDOLWOT,11.97333333,8.040952381,29.66857143,5.949808889,72.75714286,0.5171,53.7,108,6.102679749,62321.16499,0.462121212,0.326408698,53.44915,6.51349
2006,ZUIDOLWOT,12.44388889,8.011111111,29.265,5.1532155,71.91071429,0.56825,76.45,128,10.43584727,115567.146,0.405405405,0.594624518,53.44915,6.51349
2007,ZUIDOLWOT,11.70166667,8.053333333,28.45777778,4.661281,89.72222222,0.635722222,83.36842105,99,7.858988314,57458.4969,0.423611111,0.634150736,53.44915,6.51349
2008,ZUIDOLWOT,11.35133333,NA,28.632,4.777979059,76.2605042,NA,87.76470588,108,9.527667483,99529.86837,0.419847328,0.189314874,53.44915,6.51349
2009,ZUIDOLWOT,11.97619048,NA,29.56190476,6.010740667,84.89795919,NA,104.8095238,101,7.673764776,232204.8457,0.404580153,0.501041926,53.44915,6.51349
