StationID,date,temperature,pH ,salinity,total.p,silicon,total.n,secchi,suspended.particulates
Bork_W_1,14.02.2007,3.9,7.85,21.15,7.1,2.610570035,178.57,NA,96
Bork_W_1,05.11.2007,10,8.15,24.58,4.84,1.706951619,107.14,NA,45
Bork_W_1,04.02.2008,4.3,8.2,19.7,3.87,2.409736735,192.86,NA,41
Bork_W_1,10.11.2008,8.9,7.95,29.99,2,0.672686408,47.14,NA,62
Bork_W_1,23.02.2009,2.9,8.05,23.13,4.19,0.891920666,85.71,NA,47
Bork_W_1,02.11.2009,10.5,7.9,31.08,2.29,0.145498995,57.86,NA,45
Bork_W_1,25.02.2010,0.4,8.05,20.97,4.52,1.126532865,171.43,NA,67
Bork_W_1,17.11.2010,7.4,8.05,20.79,4.84,1.173586741,85.71,NA,72
Bork_W_1,16.02.2011,4.8,7.95,21.33,5.16,0.985765546,142.86,NA,48
Bork_W_1,14.04.2011,10.5,8.15,24.58,2.94,0.51640971,128.57,NA,82
Bork_W_1,14.06.2011,20,8.05,29.27,3.87,0.169025932,50,NA,43
Bork_W_1,25.07.2011,16,7.95,28.37,4.84,0.61025459,65.71,NA,83
Bork_W_1,28.09.2011,17.4,7.85,27.83,3.55,0.51640971,45,NA,50
Bork_W_1,24.10.2011,9.3,7.95,24.58,11.61,1.126532865,121.43,NA,NA
Bork_W_1,05.03.2012,5.6,8,23.31,6.13,0.985765546,185.71,NA,100
Bork_W_1,30.05.2012,17.2,8.2,28.37,2.52,NA,35,NA,49
Bork_W_1,30.07.2012,18.7,7.95,28.91,2.74,0.309793252,41.43,NA,43
Bork_W_1,12.11.2012,8.3,7.85,28.73,2.39,0.460023921,40,NA,50
Bork_W_1,25.03.2013,0.6,8.15,24.94,4.19,0.75102191,128.57,NA,100
Bork_W_1,09.04.2013,2.9,8.01,27.21,3.23,NA,150,NA,141.67
Bork_W_1,22.05.2013,11.7,8.5,28.19,4.19,NA,107.14,NA,82
Bork_W_1,13.06.2013,16.4,8.02,28.36,3.23,NA,78.57,NA,56.404
Bork_W_1,19.08.2013,19.1,7.95,28.37,5.81,0.375510955,55.71,NA,59
Bork_W_1,02.09.2013,18.9,8.12,30.09,3.55,0.230011961,57.14,NA,79.76
Bork_W_1,02.10.2013,12.2,8.09,28.2,4.84,0.51640971,85.71,NA,90.47
Bork_W_1,13.11.2013,8.5,7.6,22.96,4.52,0.985765546,121.43,NA,65
Bork_W_1,12.03.2014,7.1,7.95,NA,5.48,0.75102191,178.57,NA,110
Bork_W_1,16.04.2014,9.5,8.11,28.29,3.55,0.267602487,85.71,NA,146.68
Bork_W_1,12.05.2014,12.3,8.13,28.59,2.35,0.154962344,85.71,NA,97.66
Bork_W_1,01.07.2014,18.5,8.05,28.31,4.52,0.314524927,85.71,NA,150.65
Bork_W_1,16.07.2014,23,8,28.32,4.84,0.469355835,78.57,NA,139.54
Bork_W_1,22.07.2014,21.9,7.9,NA,4.84,0.56333215,85.71,NA,47
Bork_W_1,11.08.2014,21.2,8.05,29.24,5.81,0.61025459,78.57,NA,145.84
Bork_W_1,20.08.2014,16.2,7.95,NA,5.16,0.79794435,78.57,NA,39
Bork_W_1,10.09.2014,17.2,8.44,28.89,4.19,0.394306218,60.71,NA,126.06
Bork_W_1,06.10.2014,15.9,7.95,NA,5.16,0.347383778,70,NA,83
Bork_W_1,17.03.2015,6.5,8.04,23.58,3.06,0.75102191,135.71,NA,113.39
Bork_W_1,08.04.2015,8.3,7.89,22.46,5.16,0.56333215,164.29,NA,176.05
Bork_W_1,06.05.2015,11.6,7.88,26.38,2.1,0.164294258,85.71,NA,120.33
Bork_W_1,01.06.2015,13.1,7.95,26.63,5.81,0.122103492,100,NA,120.33
Bork_W_1,29.06.2015,17.2,7.95,NA,2.19,0.169025932,55.71,NA,46
Bork_W_1,13.07.2015,18.9,8.95,29.65,NA,0.225280286,NA,NA,124.87
Bork_W_1,03.08.2015,17.7,8,29.95,NA,NA,NA,NA,NA
Bork_W_1,18.08.2015,20.8,8.03,30.14,3.87,0.258139138,42.86,NA,119.98
Bork_W_1,25.08.2015,19.1,8,NA,3.55,0.375510955,46.43,NA,48
Bork_W_1,01.09.2015,18.9,8.09,29.9,NA,NA,NA,NA,NA
Bork_W_1,14.09.2015,16,8.1,28.97,3.16,0.309793252,62.86,NA,105.11
Bork_W_1,30.09.2015,15,8.15,29.82,NA,NA,NA,NA,NA
Bork_W_1,26.10.2015,11.3,7.95,NA,2.48,0.51640971,57.14,NA,40
Bork_W_1,14.03.2016,4.9,7.73,20.71,6.13,0.938843106,257.14,NA,156.85
Bork_W_1,21.03.2016,6.5,8,NA,3.16,0.75102191,142.86,NA,31
Bork_W_1,19.04.2016,10.4,8.17,26.42,2.52,NA,114.29,NA,100.78
Bork_W_1,02.05.2016,9.8,8.05,NA,4.52,0.375510955,142.86,NA,46
Bork_W_1,10.05.2016,14.7,8.41,27.7,NA,NA,NA,NA,NA
Bork_W_1,24.05.2016,13.8,8.1,26.49,2.52,NA,62.86,NA,82.31
Bork_W_1,06.06.2016,19.2,7.98,27.76,NA,NA,NA,NA,98.88
Bork_W_1,04.07.2016,18,8.03,29.52,2.19,0.239343874,52.86,NA,103.68
Bork_W_1,18.07.2016,18,8.03,27.04,NA,NA,NA,NA,NA
Bork_W_1,15.08.2016,17.2,8.07,28.84,NA,NA,NA,NA,NA
Bork_W_1,30.08.2016,19.9,8.05,28.9,3.23,0.267602487,48.57,NA,104.8
Bork_W_1,13.09.2016,21.8,7.95,NA,4.19,0.206485023,61.43,NA,45
Bork_W_1,28.09.2016,18.3,8.02,29.77,NA,NA,NA,NA,NA
Bork_W_1,12.10.2016,12.9,7.9,NA,3.55,0.394306218,46.43,NA,42
Bork_W_1,17.10.2016,12,8.08,30.12,3.55,0.192421434,47.86,NA,96.73
Bork_W_1,23.01.2017,2.5,7.85,NA,6.45,1.032687985,164.29,NA,100
Bork_W_1,07.02.2017,2.4,7.9,NA,5.16,1.032687985,128.57,NA,110
Bork_W_1,08.03.2017,5.7,7.85,NA,3.87,0.70409947,164.29,NA,NA
Bork_W_1,13.03.2017,5.8,7.97,25.1,2.9,0.51640971,92.86,NA,46.61
Bork_W_1,19.04.2017,9.6,8.16,27.84,1.65,0.258139138,92.86,NA,32.32
Bork_W_1,24.04.2017,9.9,7.95,26.2,2.55,0.38024263,85.71,NA,NA
Bork_W_1,08.05.2017,11.1,8.21,28.36,1.87,0.112640143,62.86,NA,116.11
Bork_W_1,22.05.2017,17,8.25,NA,2.13,NA,65.71,NA,NA
Bork_W_1,09.06.2017,18.9,8.003,30.04,1.68,0.060986028,45,NA,120.312
Bork_W_1,20.06.2017,19.7,7.85,NA,2.45,0.230011961,35.71,NA,NA
Bork_W_1,27.06.2017,18.6,8.036,31.1,3.06,0.276934401,47.86,NA,38.408
Bork_W_1,04.07.2017,18.1,7.85,NA,2.94,0.192421434,42.86,NA,NA
Bork_W_1,11.07.2017,20.2,8.01,30.24,NA,NA,NA,NA,NA
Bork_W_1,25.07.2017,19.6,8.01,30.07,3.87,0.384974304,50.71,NA,150.4
Bork_W_1,08.08.2017,19,8.115,30.83,NA,NA,NA,NA,NA
Bork_W_1,16.08.2017,18.9,7.95,29.46,3.55,0.239343874,46.43,NA,NA
Bork_W_1,21.08.2017,18.1,8.08,30.14,2.06,0.084512966,37.86,NA,128.716
Bork_W_1,04.09.2017,19.5,8.1,NA,4.52,0.154962344,55.71,NA,NA
Bork_W_1,18.09.2017,14.8,8.114,30.41,2.42,0.192421434,40.71,NA,28.764
Bork_W_1,16.10.2017,14.3,7.85,25.24,3.87,0.51640971,78.57,NA,NA
Bork_W_1,23.10.2017,13.6,8.011,29.96,2.61,0.33332019,54.29,NA,36.84
Bork_W_1,26.10.2017,13.5,8.016,29.11,NA,NA,NA,NA,44.228
Bork_W_1,01.11.2017,11.5,8,26.34,2.35,0.445960333,51.43,NA,NA
Bork_W_1,04.12.2017,6.6,7.95,25.39,2.65,0.56333215,114.29,NA,NA
Bork_W_1,19.03.2018,0.5,8.106,27.48,2.29,1.079610425,70.71,NA,85.98
Bork_W_1,16.04.2018,10.1,8.392,27.2,0.68,NA,60,NA,19.852
Bork_W_1,14.05.2018,16.4,8.712,27.3,1.42,0.201884784,22.86,NA,17.924
Bork_W_1,11.06.2018,NA,NA,NA,3.23,0.370779281,47.14,NA,17
Bork_W_1,13.06.2018,18.4,8.002,28.25,3.23,0.65717703,57.14,NA,48.168
Bork_W_1,09.07.2018,19.6,7.9,NA,2.45,0.201884784,45,NA,4
Bork_W_1,11.07.2018,17.9,7.943,30.18,2.35,0.56333215,49.29,NA,29.18
Bork_W_1,25.07.2018,22.4,7.909,30.91,NA,NA,NA,NA,23.564
Bork_W_1,13.08.2018,20.6,7.96,31,3.87,0.469355835,53.57,NA,29.568
Bork_W_1,28.08.2018,17.5,7.814,31.94,NA,NA,NA,NA,45.832
Bork_W_1,11.09.2018,17.6,7.817,34.05,4.19,0.79794435,61.43,NA,81.584
Bork_W_1,25.09.2018,14.5,7.976,34.88,NA,NA,NA,NA,45.552
Bork_W_1,08.10.2018,12.9,7.923,34.61,NA,NA,NA,NA,NA
Bork_W_1,21.11.2018,5.7,7.8,NA,2.32,0.28639775,43.57,NA,31
Nney_W_2,03.01.2007,6.8,8.01,29.96,6.33,0.441228658,71.43,NA,206.73
Nney_W_2,08.01.2007,7.3,8.03,29.68,3.13,0.56333215,107.14,NA,33.62
Nney_W_2,16.01.2007,7.2,8.06,30.32,1.8,0.469355835,65.71,NA,46.11
Nney_W_2,22.01.2007,6.3,8.05,28.03,2.9,0.408369807,107.14,NA,53.89
Nney_W_2,30.01.2007,6,8.06,30.89,4,0.441228658,85.71,NA,83.14
Nney_W_2,05.02.2007,6.4,8.07,29.95,2.9,0.417833156,121.43,NA,53.34
Nney_W_2,14.02.2007,3.8,8.05,29.21,2.53,0.51640971,107.14,NA,44.99
Nney_W_2,21.02.2007,5.2,8,29.15,3.67,0.56333215,107.14,NA,68.68
Nney_W_2,28.02.2007,5.1,8.03,30.43,6.33,0.408369807,107.14,NA,100.98
Nney_W_2,07.03.2007,7,8.04,26.8,3.27,0.56333215,128.57,NA,53.59
Nney_W_2,12.03.2007,7.6,8.02,28.77,3.67,0.469355835,107.14,NA,52.79
Nney_W_2,22.03.2007,7.4,8.09,30,4,0.258139138,85.71,NA,70.2
Nney_W_2,29.03.2007,8.4,8.1,29.88,2,0.206485023,71.43,NA,29.78
Nney_W_2,04.04.2007,8.8,8.04,31,2.9,NA,59.29,NA,108.69
Nney_W_2,10.04.2007,10.1,8.44,31.72,1.33,NA,53.57,NA,24.02
Nney_W_2,17.04.2007,14.5,8.24,32.06,NA,NA,NA,NA,21.19
Nney_W_2,23.04.2007,12.1,8.51,31.26,1.6,NA,62.14,NA,95.91
Nney_W_2,02.05.2007,14.1,8.57,32.22,1.43,NA,43.57,NA,19.48
Nney_W_2,07.05.2007,13.9,8.52,31.89,1.57,NA,45,NA,44.9
Nney_W_2,15.05.2007,14.1,8.17,30.3,NA,NA,NA,NA,13.35
Nney_W_2,22.05.2007,15.4,8.15,31.12,1.67,NA,58.57,NA,35.74
Nney_W_2,29.05.2007,15.9,8.18,31.75,1.5,NA,36.43,NA,24.27
Nney_W_2,04.06.2007,17.3,8.15,32.57,1.2,0.051654115,43.57,NA,8.92
Nney_W_2,12.06.2007,20.7,8.18,32.49,1.5,NA,38.57,NA,6.68
Nney_W_2,19.06.2007,18.9,8.1,31.91,2.83,0.117371818,55,NA,28.13
Nney_W_2,26.06.2007,18.7,8.15,31.69,2.63,NA,37.86,NA,48.92
Nney_W_2,04.07.2007,17.8,8.06,29.13,3.27,0.089244641,57.14,NA,54.76
Nney_W_2,11.07.2007,18,8.18,30.44,2.63,NA,52.86,NA,38.08
Nney_W_2,16.07.2007,19.7,8.18,31.31,2.77,NA,64.29,NA,24.57
Nney_W_2,25.07.2007,18.6,8.21,NA,2.87,0.04692244,53.57,NA,19.39
Nney_W_2,02.08.2007,17.9,8.19,30.61,2.63,0.051654115,56.43,NA,115.87
Nney_W_2,09.08.2007,18.6,8.22,32.77,1.87,NA,27.14,NA,29.36
Nney_W_2,14.08.2007,19.7,8.22,31.44,2.07,NA,36.43,NA,95.95
Nney_W_2,20.08.2007,18.9,8.23,30.02,1.87,0.051654115,57.86,NA,21.11
Nney_W_2,31.08.2007,17.3,8.22,30.75,2.1,0.04692244,42.14,NA,30.38
Nney_W_2,03.09.2007,17.3,8.35,30.27,1.8,NA,29.29,NA,32.32
Nney_W_2,12.09.2007,16,8.14,31.86,1.87,NA,30,NA,67.38
Nney_W_2,17.09.2007,15.7,8.15,31.75,1.8,0.051654115,35,NA,69.4
Nney_W_2,24.09.2007,17,8.11,32.35,2.73,0.145498995,47.14,NA,10.77
Nney_W_2,01.10.2007,14.3,8.18,30.85,2.93,0.145498995,43.57,NA,28.26
Nney_W_2,08.10.2007,14,8.1,30.91,2.37,0.14076732,52.86,NA,11.82
Nney_W_2,15.10.2007,12.8,8.08,30.63,2.6,0.14076732,44.29,NA,30.82
Nney_W_2,24.10.2007,9.6,8.07,31.2,2.37,0.154962344,40,NA,23.89
Nney_W_2,29.10.2007,10.4,8.13,30.18,2.5,0.117371818,41.43,NA,20.98
Nney_W_2,06.11.2007,9.8,8.09,29.7,4.33,0.178357846,62.86,NA,55.18
Nney_W_2,14.11.2007,8,8.02,31.14,2.17,0.089244641,47.86,NA,24.32
Nney_W_2,20.11.2007,5.3,8.02,30.99,2.4,0.234743635,56.43,NA,25.92
Nney_W_2,29.11.2007,5.2,8.25,30.35,2.9,0.319256601,78.57,NA,36.92
Nney_W_2,06.12.2007,7,8.04,31.59,2.17,0.173626171,53.57,NA,41.64
Nney_W_2,11.12.2007,8.8,8.07,29.92,5.33,0.337920429,107.14,NA,79.87
Nney_W_2,17.12.2007,6.1,8.02,29.94,4.67,0.38024263,100,NA,61.14
Nney_W_2,28.12.2007,6.3,8.02,26.31,6,0.323856841,135.71,NA,74.7
Nney_W_2,04.01.2008,4.2,8.03,28.95,6.45,0.469355835,107.14,NA,125.3
Nney_W_2,10.01.2008,5.8,8.01,29.35,5.48,0.384974304,107.14,NA,73.82
Nney_W_2,15.01.2008,6.1,8.08,27.87,7.74,0.51640971,114.29,NA,109.46
Nney_W_2,22.01.2008,7.4,8.02,26.97,3.55,0.150230669,85.71,NA,41.33
Nney_W_2,29.01.2008,8,8.27,27.82,3.03,0.300461338,78.57,NA,45.38
Nney_W_2,07.02.2008,6.8,8.1,28.67,3.55,0.230011961,71.43,NA,47.95
Nney_W_2,11.02.2008,5.4,8.07,27.61,5.16,0.272202726,107.14,NA,60.31
Nney_W_2,19.02.2008,6.3,8.07,29.04,3.87,0.445960333,92.86,NA,57.16
Nney_W_2,26.02.2008,8.9,8.12,29.21,3.87,0.230011961,107.14,NA,48.3
Nney_W_2,04.03.2008,7.9,8.06,29.99,2.42,0.33332019,78.57,NA,28.1
Nney_W_2,12.03.2008,8,8.1,29.16,2.84,0.28639775,85.71,NA,112.34
Nney_W_2,18.03.2008,7.8,8.07,30.85,1.84,0.150230669,56.43,NA,27.03
Nney_W_2,27.03.2008,7.1,8.21,30.31,1.77,0.079781291,67.86,NA,24.23
Nney_W_2,02.04.2008,8.5,8.26,29.79,1.81,0.070449378,78.57,NA,18.26
Nney_W_2,10.04.2008,9.8,8.43,29.61,2.35,NA,92.86,NA,29.28
Nney_W_2,17.04.2008,10,8.41,29.85,3.55,NA,100,NA,109
Nney_W_2,23.04.2008,11.2,8.6,31.52,2.48,NA,57.14,NA,102.67
Nney_W_2,30.04.2008,11.9,8.5,31.36,2.35,NA,70,NA,25.36
Nney_W_2,09.05.2008,NA,8.5,32.39,3.55,NA,100,NA,42
Nney_W_2,15.05.2008,NA,8.59,33.17,2.23,0.169025932,47.86,NA,14.43
Nney_W_2,22.05.2008,15.6,8.14,32.74,2.55,NA,47.14,NA,25.17
Nney_W_2,26.05.2008,15.8,8.17,33.82,2.26,NA,37.86,NA,24.55
Nney_W_2,05.06.2008,NA,8.2,34.13,2.74,NA,45.71,NA,17.6
Nney_W_2,09.06.2008,20.5,8.34,34.46,2.29,NA,27.14,NA,9.25
Nney_W_2,17.06.2008,17.5,8.22,32.95,1.77,NA,43.57,NA,6.74
Nney_W_2,24.06.2008,18.7,8.34,31.99,2.52,NA,44.29,NA,49.3
Nney_W_2,04.07.2008,19.4,8.25,32.46,2.19,NA,47.14,NA,24.64
Nney_W_2,09.07.2008,18.9,8.28,32.07,1.61,NA,45,NA,20.4
Nney_W_2,15.07.2008,19.7,8.29,31.15,2,NA,52.86,NA,15.71
Nney_W_2,21.07.2008,17.6,8.38,31.46,1.87,NA,40,NA,20.33
Nney_W_2,28.07.2008,21,8.4,32.05,1.71,NA,37.86,NA,7.23
Nney_W_2,05.08.2008,19.3,8.32,32.2,2.45,0.056385789,49.29,NA,74.63
Nney_W_2,13.08.2008,17.7,8.33,NA,2.97,0.084512966,55.71,NA,22.32
Nney_W_2,20.08.2008,18.2,8.41,32.39,3.55,0.056385789,67.86,NA,19.96
Nney_W_2,27.08.2008,17.6,8.37,30.38,2.68,0.075049617,52.14,NA,24.48
Nney_W_2,03.09.2008,18.1,8.39,31.49,3.55,0.056385789,52.86,NA,116.54
Nney_W_2,10.09.2008,16.6,8.29,29.27,3.23,0.122103492,78.57,NA,17.48
Nney_W_2,16.09.2008,15.2,8.16,31.98,2.35,NA,42.14,NA,25.6
Nney_W_2,25.09.2008,14,8.12,32.25,3.1,NA,40.71,NA,20.87
Nney_W_2,29.09.2008,14.3,8.15,32.31,2.84,NA,42.14,NA,15.8
Nney_W_2,10.10.2008,12.6,8.05,29.51,3.23,0.234743635,55.71,NA,26.06
Nney_W_2,16.10.2008,12.6,8.07,29.76,3.23,0.225280286,61.43,NA,25.11
Nney_W_2,22.10.2008,11.1,8.11,30.85,2.77,0.164294258,49.29,NA,22.93
Nney_W_2,29.10.2008,9.7,8.12,30.35,2.48,0.225280286,53.57,NA,26.37
Nney_W_2,04.11.2008,8.5,8.1,30.61,2.16,0.211216698,47.86,NA,16.86
Nney_W_2,11.11.2008,8.8,8.11,30.09,4.52,0.225280286,61.43,NA,55.35
Nney_W_2,17.11.2008,8.8,8.09,31.12,1.94,0.187821195,47.86,NA,19.48
Nney_W_2,25.11.2008,5.8,8.13,31.55,1.71,0.131435406,40.71,NA,24.09
Nney_W_2,02.12.2008,5.8,7.91,31.17,2.16,0.248807224,60,NA,25.02
Nney_W_2,10.12.2008,4.7,8.12,29.86,3.55,0.352115453,67.86,NA,44.03
Nney_W_2,17.12.2008,3.2,8.11,27.36,2.94,0.352115453,71.43,NA,37.97
Nney_W_2,22.12.2008,5,8.09,27.08,2.97,0.230011961,52.86,NA,61.88
Nney_W_2,30.12.2008,1.4,8.12,27.07,2.71,0.328588515,50,NA,29.19
Nney_W_2,08.01.2009,1.3,7.98,28.3,2.61,0.276014353,57.86,NA,45.21
Nney_W_2,13.01.2009,1.1,7.91,28.69,3.1,0.289946506,78.57,NA,56.73
Nney_W_2,22.01.2009,1.6,7.97,28.02,2.94,0.841975211,85.71,NA,31.17
Nney_W_2,29.01.2009,1.2,7.99,28.63,2.61,0.355532773,68.57,NA,34
Nney_W_2,02.02.2009,0.1,7.98,30.94,2.77,0.224491674,52.86,NA,48.64
Nney_W_2,11.02.2009,1.5,8,30.31,2.06,0.25721909,49.29,NA,27.15
Nney_W_2,16.02.2009,1.6,7.93,29.39,2.32,0.341469185,70.71,NA,29.08
Nney_W_2,24.02.2009,2.5,8,28.76,2.71,0.332137271,71.43,NA,28.5
Nney_W_2,02.03.2009,4.1,8,28.95,1.58,0.383528515,70.71,NA,13.32
Nney_W_2,10.03.2009,4.4,8.1,27.84,NA,0.378928276,NA,NA,29.05
Nney_W_2,17.03.2009,5.4,8.05,28.11,2.06,0.285346267,71.43,NA,25.32
Nney_W_2,24.03.2009,5.4,8.2,29.51,NA,0.04205933,NA,NA,27.15
Nney_W_2,30.03.2009,6.3,8.3,27.41,1.94,0.093582009,92.86,NA,20.23
Nney_W_2,06.04.2009,7.3,8.34,29.99,1.58,NA,52.14,NA,14.14
Nney_W_2,16.04.2009,11.1,8.5,31.06,1.94,0.009331914,43.57,NA,41.6
Nney_W_2,23.04.2009,11.2,8.36,30.12,2,0.018663828,39.29,NA,27.36
Nney_W_2,28.04.2009,12.2,8.39,29.74,1.65,0.018663828,30,NA,11.47
Nney_W_2,05.05.2009,12.3,8.36,30.16,3.55,0.018663828,52.86,NA,24.94
Nney_W_2,12.05.2009,12.6,8.35,29.95,2.29,0.032727416,42.86,NA,37.94
Nney_W_2,20.05.2009,13.7,8.29,29.63,1.68,0.018663828,34.29,NA,19.16
Nney_W_2,26.05.2009,14.7,8.29,30.23,1.39,0.023395502,30.71,NA,17.52
Nney_W_2,03.06.2009,14.2,8.25,31.23,1.94,0.04205933,38.57,NA,32.24
Nney_W_2,09.06.2009,14.3,8.26,31.17,0.97,0.028127177,32.14,NA,6.46
Nney_W_2,18.06.2009,16.1,8.24,32.83,1.32,0.032727416,27.14,NA,16.85
Nney_W_2,22.06.2009,16.3,8.25,32.53,1.35,0.046791005,27.86,NA,16.84
Nney_W_2,02.07.2009,20.5,8.16,31.59,1.52,0.116977511,27.86,NA,8.29
Nney_W_2,09.07.2009,19.1,8.28,31.5,2.06,0.149704928,32.86,NA,19.03
Nney_W_2,13.07.2009,17.3,8.26,30.29,1.71,0.17310043,42.14,NA,11.66
Nney_W_2,23.07.2009,19.2,8.25,30.2,2.32,0.163768516,49.29,NA,8.86
Nney_W_2,31.07.2009,18,8.27,30.68,3.16,0.154305167,45.71,NA,37.83
Nney_W_2,06.08.2009,20.3,8.32,31.26,2.13,0.196495932,33.57,NA,8.18
Nney_W_2,13.08.2009,19.7,8.33,30.5,2.77,0.144973253,40.71,NA,20.46
Nney_W_2,20.08.2009,20.6,8.26,30.75,2.48,0.116977511,33.57,NA,11.24
Nney_W_2,25.08.2009,20.1,8.31,30.31,2.71,0.084250095,32.86,NA,9.82
Nney_W_2,03.09.2009,17.1,8.26,30.42,3.55,0.102913923,56.43,NA,51.54
Nney_W_2,08.09.2009,16.7,8.18,31.78,2.68,0.126309425,46.43,NA,30.08
Nney_W_2,14.09.2009,16.2,8.2,33.04,3.23,0.116977511,55.71,NA,130.71
Nney_W_2,22.09.2009,16.3,8.27,33.17,2.48,0.065454832,50,NA,24.36
Nney_W_2,30.09.2009,15.3,8.3,33.37,1.74,0.168368755,40.71,NA,14.44
Nney_W_2,06.10.2009,12.8,8.3,33.38,2.1,0.280614592,47.86,NA,20.46
Nney_W_2,14.10.2009,11.3,8.35,33.67,1.61,0.210428085,40,NA,22.76
Nney_W_2,21.10.2009,8.8,8.29,33.35,2.29,0.327405597,36.43,NA,39.5
Nney_W_2,26.10.2009,9.6,8.25,33,1.74,0.308741769,45.71,NA,20.23
Nney_W_2,04.11.2009,10.8,8.26,31.22,2.35,0.187032583,53.57,NA,27.02
Nney_W_2,09.11.2009,8.6,8.27,31.73,3.87,0.318073683,60,NA,67.05
Nney_W_2,16.11.2009,8.3,8.29,31.19,3.13,0.430319519,68.57,NA,40.66
Nney_W_2,24.11.2009,8.9,8.34,32.61,2.52,0.247887176,64.29,NA,39.3
Nney_W_2,30.11.2009,6.9,8.28,29.61,2.13,0.514569615,85.71,NA,25.04
Nney_W_2,07.12.2009,6.6,8.32,29.25,2.94,0.374196601,85.71,NA,47.15
Nney_W_2,14.12.2009,5.4,8.27,31.77,3.03,0.318073683,67.86,NA,53.46
Nney_W_2,21.12.2009,-2,8.3,28.63,4.19,0.514569615,114.29,NA,169.58
Nney_W_2,28.12.2009,2.8,8.37,31.85,2.39,0.346069424,78.57,NA,83.6
Nney_W_2,05.01.2010,0.6,8.29,29.28,4.52,0.435051194,100,NA,84.27
Nney_W_2,12.01.2010,0.6,8.3,31.44,2.03,0.313342008,60,NA,29.23
Nney_W_2,19.01.2010,0.4,8.29,NA,2.55,0.383528515,65.71,NA,53.38
Nney_W_2,28.01.2010,-0.8,8.22,29.28,2.23,0.304010094,57.14,NA,45.02
Nney_W_2,03.02.2010,-0.9,8.3,29.34,2.94,0.411655692,85.71,NA,42.54
Nney_W_2,10.02.2010,-1.5,8.33,29.94,4.52,0.341469185,92.86,NA,92.12
Nney_W_2,18.02.2010,-1.8,8.26,30.25,2.55,0.402192343,92.86,NA,51.3
Nney_W_2,25.02.2010,-0.2,8.3,29.49,2.9,0.374196601,92.86,NA,67.87
Nney_W_2,04.03.2010,1.6,7.89,28.1,3.55,0.46777861,92.86,NA,68.78
Nney_W_2,11.03.2010,1.2,7.94,29.12,3,0.374196601,92.86,NA,44.28
Nney_W_2,17.03.2010,4.1,7.91,28.03,3.06,0.392860429,107.14,NA,63
Nney_W_2,23.03.2010,5.2,8.07,29.66,2.29,0.163768516,78.57,NA,78.59
Nney_W_2,01.04.2010,5.6,8.37,28.82,5.81,NA,100,NA,89.79
Nney_W_2,08.04.2010,7.1,8.21,29.43,2.03,NA,78.57,NA,31.96
Nney_W_2,14.04.2010,7.8,8.5,31.33,2.52,NA,78.57,NA,84.34
Nney_W_2,20.04.2010,8.9,8.5,31.41,1.68,NA,37.14,NA,51.8
Nney_W_2,26.04.2010,10.5,8.59,31.55,1.68,NA,34.29,NA,26.41
Nney_W_2,04.05.2010,10.2,8.37,32.45,2.26,NA,53.57,NA,74.62
Nney_W_2,10.05.2010,9.3,8.41,32.84,1.16,NA,31.43,NA,15.79
Nney_W_2,18.05.2010,12,8.28,31,1.71,NA,42.86,NA,34.52
Nney_W_2,25.05.2010,13.6,8.33,30.95,1.39,NA,35,NA,22.08
Nney_W_2,31.05.2010,14.2,8.14,31.06,2.16,NA,40.71,NA,54.73
Nney_W_2,08.06.2010,16.5,8.02,32.71,2.81,NA,37.86,NA,48.19
Nney_W_2,15.06.2010,15.6,8.18,31.94,2.74,NA,42.14,NA,59.55
Nney_W_2,23.06.2010,15.6,8.19,32.36,2.1,NA,35,NA,53.42
Nney_W_2,29.06.2010,19.8,8.05,32.32,2.77,0.046791005,38.57,NA,48.64
Nney_W_2,07.07.2010,20,8.1,31.98,2.61,0.051391244,35.71,NA,43.54
Nney_W_2,15.07.2010,22.2,8.18,31.72,3.23,0.056122918,35,NA,43.65
Nney_W_2,21.07.2010,21.4,8.2,30.52,2.61,NA,37.14,NA,48.44
Nney_W_2,28.07.2010,21.1,8.22,32.1,2.9,NA,34.29,NA,26.5
Nney_W_2,06.08.2010,19.2,8.25,31.81,3,0.046791005,32.14,NA,33.14
Nney_W_2,12.08.2010,20.7,8.17,30.89,3.23,0.093582009,35,NA,18.84
Nney_W_2,19.08.2010,18.8,8.2,32.04,3.23,NA,35,NA,60.69
Nney_W_2,25.08.2010,18,8.17,33.64,2.94,0.102913923,40,NA,34.58
Nney_W_2,02.09.2010,16.5,8.11,32.13,2.48,0.112245837,37.14,NA,16.76
Nney_W_2,06.09.2010,15.7,8.24,32.04,2.16,0.163768516,36.43,NA,21.15
Nney_W_2,13.09.2010,16.4,8.19,32.14,2.55,0.154305167,47.86,NA,41.2
Nney_W_2,20.09.2010,13.3,8.18,30.63,2.42,0.308741769,54.29,NA,120.22
Nney_W_2,27.09.2010,14.6,8.16,30.06,2.71,0.29467818,43.57,NA,44.74
Nney_W_2,04.10.2010,13.3,8.18,30.2,2.68,0.280614592,61.43,NA,60.84
Nney_W_2,11.10.2010,12.8,8.2,31.27,2.26,0.154305167,45.71,NA,115.46
Nney_W_2,19.10.2010,10.5,8.25,31.17,2.45,0.107645598,51.43,NA,115.93
Nney_W_2,25.10.2010,10.3,8.28,31.04,2.06,0.126309425,28.57,NA,118.82
Nney_W_2,04.11.2010,10.3,8.08,30.25,3.55,0.210428085,56.43,NA,64.47
Nney_W_2,11.11.2010,6.8,8.15,28.74,4.52,0.416255931,92.86,NA,154.64
Nney_W_2,18.11.2010,6.9,8.04,28.97,4.19,0.46777861,78.57,NA,150.02
Nney_W_2,25.11.2010,5.7,7.98,31.26,3.23,0.350801099,78.57,NA,110.57
Nney_W_2,03.12.2010,2.4,8.08,30.73,2.52,0.313342008,67.86,NA,115.23
Nney_W_2,09.12.2010,3.4,8,30.9,3.87,0.299409855,114.29,NA,92.38
Nney_W_2,14.12.2010,0.8,8.1,30.86,2.13,0.313342008,59.29,45,95.19
Nney_W_2,20.12.2010,0.1,8.05,30.34,3.06,0.289946506,47.14,40,139.86
Nney_W_2,27.12.2010,-1.7,8.35,30.98,3.03,0.285346267,67.86,20,110.58
Nney_W_2,04.01.2011,-0.6,8.31,29.13,3.23,0.392860429,78.57,32,134.58
Nney_W_2,10.01.2011,0.8,8.29,28.26,3.87,0.514569615,100,30,146.13
Nney_W_2,17.01.2011,3.2,8.24,27.08,NA,NA,NA,40,116.51
Nney_W_2,24.01.2011,2.8,8.28,28.96,NA,NA,NA,40,152.96
Nney_W_2,31.01.2011,0.8,8.18,29.58,NA,NA,NA,35,138.81
Nney_W_2,08.02.2011,5.6,8.28,29.01,NA,NA,NA,20,165.55
Nney_W_2,15.02.2011,3.4,8.24,28.87,3,0.46777861,107.14,30,126.79
Nney_W_2,22.02.2011,0,8.07,30.38,3.55,0.350801099,100,35,140.53
Nney_W_2,01.03.2011,1.6,8.13,31.4,3.23,0.29467818,78.57,50,141.32
Nney_W_2,08.03.2011,2.6,8.16,30.85,3,0.332137271,85.71,35,125.58
Nney_W_2,17.03.2011,3.5,8.15,30.23,3.23,0.25261885,64.29,40,149.95
Nney_W_2,24.03.2011,6.9,8.18,29.06,3.55,0.243286937,92.86,30,55.83
Nney_W_2,31.03.2011,7.2,8.23,30.64,2.48,0.205827846,100,60,115.93
Nney_W_2,07.04.2011,9.7,8.32,31.84,2.61,0.107645598,78.57,50,115.48
Nney_W_2,14.04.2011,9.3,8.38,30.64,4.19,NA,107.14,50,138.98
Nney_W_2,20.04.2011,12.6,8.55,31.32,1.35,NA,41.43,130,100.77
Nney_W_2,28.04.2011,11.6,8.46,32.55,1.71,NA,50,60,122.66
Nney_W_2,06.05.2011,13.4,8.43,32.91,1.03,NA,43.57,270,98.08
Nney_W_2,09.05.2011,15.5,8.42,32.93,1.23,NA,32.86,90,81.54
Nney_W_2,19.05.2011,14.6,8.34,31.44,2.35,NA,63.57,60,43.43
Nney_W_2,24.05.2011,15.3,8.43,32.18,0.94,NA,32.14,95,12.19
Nney_W_2,30.05.2011,14.9,8.29,30.34,2.42,0.098182248,47.86,70,33.59
Nney_W_2,07.06.2011,17.4,8.28,31.94,2.9,NA,49.29,55,33.56
Nney_W_2,17.06.2011,17.8,8.23,32.6,2.58,NA,47.86,90,98.89
Nney_W_2,21.06.2011,17.1,8.28,31.9,2.84,0.112245837,52.86,60,151.42
Nney_W_2,28.06.2011,18.9,8.31,32.96,2.23,NA,55.71,77,53.42
Nney_W_2,04.07.2011,16.5,8.29,33.35,2.26,NA,47.14,100,26.82
Nney_W_2,11.07.2011,18.9,8.22,32.64,2.45,NA,46.43,90,121.96
Nney_W_2,18.07.2011,17.7,8.19,32.86,3.55,0.285346267,60.71,53,135.6
Nney_W_2,27.07.2011,17,8.25,31.78,2.32,0.154305167,37.14,91,112.92
Nney_W_2,02.08.2011,18.1,8.26,31.89,2.58,0.126309425,49.29,95,120.43
Nney_W_2,10.08.2011,17.4,8.29,32.66,2.1,0.107645598,49.29,80,79.08
Nney_W_2,16.08.2011,18.4,8.23,31.2,3.06,0.313342008,52.14,60,86.61
Nney_W_2,25.08.2011,19,8.14,31.89,3.23,0.196495932,48.57,80,97.32
Nney_W_2,31.08.2011,16.8,8.28,31.92,4.19,0.112245837,78.57,80,126.96
Nney_W_2,07.09.2011,16.7,8.2,30.96,2.9,0.149704928,42.14,65,125.67
Nney_W_2,13.09.2011,17,8.3,31.42,2.26,0.135641339,35,70,113.36
Nney_W_2,19.09.2011,15.6,8.23,29.65,3.23,0.238555262,53.57,60,90.4
Nney_W_2,28.09.2011,16.4,8.16,32.77,2.9,0.25721909,50,85,99.84
Nney_W_2,07.10.2011,15.4,8.17,31,2.52,0.201096171,47.14,66,109.04
Nney_W_2,11.10.2011,14.4,8.09,32.18,2.13,0.187032583,48.57,90,114.38
Nney_W_2,19.10.2011,12.3,7.69,30.82,2.94,0.201096171,128.57,78,149.05
Nney_W_2,24.10.2011,9.5,7.57,30.82,2.26,0.289946506,55,80,111.94
Nney_W_2,31.10.2011,10.6,7.61,29.71,3.55,0.425587845,71.43,40,133.77
Nney_W_2,08.11.2011,10.3,7.46,31.56,4.52,0.327405597,78.57,35,187.41
Nney_W_2,15.11.2011,5.4,7.49,30.98,2.84,0.346069424,55.71,84,90.94
Nney_W_2,23.11.2011,5.2,7.57,30.88,3.87,0.392860429,58.57,39,140.94
Nney_W_2,30.11.2011,7.1,7.71,30.24,2.94,0.383528515,68.57,55,115.17
Nney_W_2,07.12.2011,6.9,7.83,31.79,3.19,0.219891434,63.57,78,119.32
Nney_W_2,15.12.2011,5.8,7.77,30.71,2.81,0.514569615,59.29,49,136.48
Nney_W_2,22.12.2011,5.9,7.78,32.36,2.55,0.271282678,52.86,57,112.16
Nney_W_2,29.12.2011,6.9,7.86,31.91,2.42,0.224491674,60.71,50,130.7
Nney_W_2,06.01.2012,6.9,7.82,31.64,1.81,0.258139138,52.86,69,122.4
Nney_W_2,13.01.2012,6.5,7.73,30.07,2.48,0.300461338,71.43,47,130.55
Nney_W_2,20.01.2012,4.1,7.6,29.4,2.74,0.33332019,78.57,35,139.24
Nney_W_2,26.01.2012,3.7,7.64,31.28,6.45,0.56333215,142.86,40,281.37
Nney_W_2,30.01.2012,1.5,7.36,32.78,5.16,0.455292247,114.29,35,213.26
Nney_W_2,07.02.2012,-1.8,7.6,26.62,3,0.403638132,92.86,23,154.14
Nney_W_2,14.02.2012,0.5,7.44,28.1,3.87,0.328588515,85.71,43,184.42
Nney_W_2,21.02.2012,2.4,7.63,29.08,3,0.323856841,85.71,69,154.86
Nney_W_2,29.02.2012,5,7.64,26.47,3.87,0.384974304,107.14,40,169
Nney_W_2,06.03.2012,5.1,7.63,29.85,3.19,0.337920429,78.57,44,159.7
Nney_W_2,14.03.2012,7,7.78,29.63,3,0.300461338,78.57,42,118.72
Nney_W_2,20.03.2012,7.1,7.67,29.14,2.42,0.178357846,71.43,55,142.69
Nney_W_2,28.03.2012,9.1,8,30.24,3.19,NA,78.57,39,119.78
Nney_W_2,03.04.2012,7.4,8.03,30.31,2.71,NA,55,30,170.98
Nney_W_2,11.04.2012,8.5,8.33,29.32,2.03,NA,52.86,51,141.08
Nney_W_2,18.04.2012,8.6,8.3,30.34,2.39,NA,52.86,50,140.14
Nney_W_2,25.04.2012,9.9,8.32,30.34,1.9,NA,57.86,77,98.43
Nney_W_2,02.05.2012,11.3,8.05,31.89,1.84,NA,61.43,68,102.88
Nney_W_2,08.05.2012,11.9,8,32.26,1.42,NA,22.14,80,129.02
Nney_W_2,15.05.2012,12.4,7.91,31.03,2.03,NA,36.43,79,133.44
Nney_W_2,22.05.2012,15.3,7.92,32.3,1.35,NA,31.43,89,96.97
Nney_W_2,31.05.2012,15.3,7.9,30.95,1.77,NA,30.71,96,112.81
Nney_W_2,05.06.2012,13,7.84,32.34,1.94,NA,35.71,91,109.46
Nney_W_2,13.06.2012,14.4,7.93,31.14,1.61,NA,37.86,96,65.31
Nney_W_2,20.06.2012,14.9,7.8,30.76,1.65,NA,42.14,150,15.94
Nney_W_2,25.06.2012,15.4,7.9,31.23,2.68,NA,50,215,102.79
Nney_W_2,02.07.2012,16.4,7.87,31.36,1.9,NA,41.43,135,30.77
Nney_W_2,10.07.2012,17.7,7.77,32.04,1.87,NA,43.57,90,125.25
Nney_W_2,16.07.2012,16.5,8.07,32.12,1.61,NA,40,135,102.55
Nney_W_2,23.07.2012,18.9,8.15,31.57,2.39,NA,37.14,83,119.14
Nney_W_2,02.08.2012,18.8,8.06,30.78,3.55,NA,65,62,108.04
Nney_W_2,06.08.2012,19.5,8.08,31.61,2.81,NA,50,70,118.94
Nney_W_2,16.08.2012,19.1,7.85,31.77,2.81,0.09384488,30.71,80,115.12
Nney_W_2,20.08.2012,21.3,7.93,32.26,2.77,NA,36.43,80,31.33
Nney_W_2,28.08.2012,17.8,7.91,31.74,3.23,NA,45.71,100,110.88
Nney_W_2,03.09.2012,17.9,7.9,31.5,3.23,0.201884784,51.43,95,82.72
Nney_W_2,12.09.2012,17.2,7.31,32.18,2.9,NA,46.43,90,86.76
Nney_W_2,17.09.2012,15.9,7.74,32.17,2.68,0.211216698,40.71,75,83.8
Nney_W_2,26.09.2012,12.5,7.75,30.86,3.87,0.281666075,65,70,108.62
Nney_W_2,01.10.2012,13.3,7.67,31.12,3.23,0.183089521,47.86,55,115.24
Nney_W_2,11.10.2012,11.1,7.38,31.1,2.9,0.183089521,47.14,80,93.08
Nney_W_2,18.10.2012,9.9,7.32,30.23,4.19,0.33332019,70.71,55,127.58
Nney_W_2,25.10.2012,12.1,7.34,30.75,3.16,0.206485023,59.29,75,68.85
Nney_W_2,29.10.2012,7.8,7.95,31.26,4.19,0.164294258,60,60,138.68
Nney_W_2,05.11.2012,7.4,7.19,29.55,4.19,0.262870812,69.29,60,119.56
Nney_W_2,12.11.2012,NA,8.06,30.35,3.55,0.342652104,92.86,50,126.99
Nney_W_2,19.11.2012,6.2,8.04,29.67,4.19,0.408369807,78.57,40,147.34
Nney_W_2,26.11.2012,7.1,8.09,31.22,2.48,0.215948372,56.43,70,100.47
Nney_W_2,03.12.2012,4.7,8.06,29.79,3.55,0.370779281,71.43,55,139.03
Nney_W_2,11.12.2012,1.9,8.03,30.78,2.71,0.272202726,64.29,50,123.45
Nney_W_2,17.12.2012,3.3,8.04,29.09,3.03,0.403638132,67.14,55,130.49
Nney_W_2,27.12.2012,4.4,7.96,30.48,2.48,0.281666075,65,40,128.22
Nney_W_2,02.01.2013,4.9,8.06,28.4,3.23,0.56333215,100,40,131.68
Nney_W_2,10.01.2013,6.1,8.07,29.43,3.87,0.445960333,92.86,45,131.89
Nney_W_2,14.01.2013,2.9,8.09,28.85,3.55,0.281666075,85.71,35,116.37
Nney_W_2,23.01.2013,-2,8.06,31.15,2.61,0.197153109,57.14,NA,59.75
Nney_W_2,31.01.2013,2.7,8.09,29.4,3.55,0.417833156,92.86,45,158.96
Nney_W_2,07.02.2013,2.3,8.11,28.66,2.71,0.469355835,92.86,50,131.9
Nney_W_2,14.02.2013,-0.1,8.1,28.6,4.19,0.51640971,107.14,30,163.18
Nney_W_2,18.02.2013,1.7,8.09,28.81,2.16,0.469355835,100,60,109.44
Nney_W_2,28.02.2013,2.2,7.97,31.38,2.61,0.319256601,67.86,50,127.19
Nney_W_2,04.03.2013,2.7,8.02,30.43,2.61,0.356715692,78.57,40,152.06
Nney_W_2,14.03.2013,1.3,8,32.66,1.39,0.215948372,60,70,134.83
Nney_W_2,18.03.2013,1.5,8.03,31.31,1.61,0.328588515,71.43,60,127.26
Nney_W_2,25.03.2013,-0.8,8.06,31.3,1.52,0.300461338,59.29,60,123.78
Nney_W_2,04.04.2013,2.5,8.4,32.2,1.58,0.169025932,60,60,92.87
Nney_W_2,11.04.2013,4.4,8.11,31.94,1.58,0.098576555,46.43,90,136.22
Nney_W_2,15.04.2013,6.3,8.13,32.46,1.77,NA,57.86,70,138.69
Nney_W_2,24.04.2013,8.1,8.28,30.82,1.74,NA,92.86,60,92.85
Nney_W_2,29.04.2013,7.9,8.36,31.32,1.23,NA,44.29,90,73.51
Nney_W_2,06.05.2013,11.5,8.44,32.04,1.52,NA,32.86,70,89.84
Nney_W_2,14.05.2013,11.7,8.46,30.8,3.19,NA,55.71,65,115.43
Nney_W_2,23.05.2013,9.7,8.57,31.06,1.65,NA,50,70,101.65
Nney_W_2,29.05.2013,13.6,8.48,31.1,1.9,0.112640143,54.29,85,74.88
Nney_W_2,05.06.2013,13.7,8.4,32.33,1.52,0.117371818,35.71,100,26.1
Nney_W_2,12.06.2013,14.9,8.17,32.25,1.9,0.197153109,37.86,85,99.47
Nney_W_2,20.06.2013,16,8.15,30.82,2.55,NA,52.14,90,95.33
Nney_W_2,25.06.2013,16,8.11,30.25,3.1,NA,55.71,45,95.14
Nney_W_2,03.07.2013,16.8,8.01,30.41,2.42,NA,50.71,60,96.3
Nney_W_2,10.07.2013,18.2,8.11,31.14,2.61,NA,55.71,60,96.54
Nney_W_2,15.07.2013,18.6,8.1,31.43,2,NA,45,100,89.25
Nney_W_2,24.07.2013,20.7,8.12,31.75,2.74,NA,39.29,105,91.17
Nney_W_2,02.08.2013,21.6,8.08,31.37,3.06,NA,35.71,80,84.15
Nney_W_2,07.08.2013,20.9,8.11,31.19,3.87,0.112640143,45.71,70,97.29
Nney_W_2,12.08.2013,19,8.15,31.38,2.23,NA,35.71,110,72.31
Nney_W_2,19.08.2013,18.3,8.13,31.19,2.48,0.098576555,35.71,110,67.12
Nney_W_2,26.08.2013,19.3,8.1,31.38,2.71,NA,40,70,99.76
Nney_W_2,02.09.2013,16.1,8.04,31.22,2.65,NA,42.86,70,102.56
Nney_W_2,10.09.2013,17.4,7.93,27.88,2.42,NA,23.57,90,69.69
Nney_W_2,17.09.2013,15.2,7.95,28.76,2.87,0.150230669,40.71,55,NA
Nney_W_2,23.09.2013,16,8.09,30.03,4.84,0.098576555,67.14,30,113.44
Nney_W_2,30.09.2013,12.4,8.02,31.36,4.19,0.117371818,53.57,30,137.8
Nney_W_2,07.10.2013,12.9,8.26,30.92,3.55,NA,37.86,130,71.33
Nney_W_2,14.10.2013,11.06,8.2,31.05,2.23,NA,32.14,70,30.67
Nney_W_2,21.10.2013,12.3,8.17,30.74,2.39,0.126703731,41.43,100,94.8
Nney_W_2,30.10.2013,11.8,7.87,30.98,2.68,0.183089521,48.57,40,92.74
Nney_W_2,07.11.2013,10.3,8.12,29.72,2.26,0.258139138,50.71,50,89.07
Nney_W_2,14.11.2013,8.7,8.24,28.83,3.87,0.319256601,71.43,35,157.53
Nney_W_2,19.11.2013,8.8,8.18,28.7,3.23,0.436496984,71.43,50,129.5
Nney_W_2,25.11.2013,7.2,8.17,29.16,3.23,0.33332019,70,40,146.69
Nney_W_2,02.12.2013,7.6,8.19,29.65,1.97,0.347383778,54.29,50,72.8
Nney_W_2,09.12.2013,7.2,8.14,30.12,2.29,0.399037893,57.86,40,97.43
Nney_W_2,16.12.2013,6.4,8.11,29.6,4.19,0.469355835,85.71,20,173.8
Nney_W_2,23.12.2013,5.4,7.82,28.49,3.16,0.65717703,92.86,15,113.6
Nney_W_2,30.12.2013,5.3,8.19,27.85,3.23,0.65717703,100,15,132.99
Nney_W_2,06.01.2014,6.5,8.05,27.78,4.52,0.61025459,107.14,25,176.69
Nney_W_2,13.01.2014,5.2,8.15,28.11,4.19,0.469355835,92.86,30,175.33
Nney_W_2,20.01.2014,4.9,8.09,28.99,4.84,0.455292247,100,30,182.13
Nney_W_2,03.02.2014,2,8.06,29.09,3.87,0.51640971,92.86,20,148.72
Nney_W_2,10.02.2014,3.6,8.06,26.1,3.06,0.79794435,92.86,40,103.63
Nney_W_2,18.02.2014,5,8.04,29.74,3.55,0.455292247,100,20,158.86
Nney_W_2,26.02.2014,5.3,8.09,28.63,2.65,0.455292247,85.71,40,129
Nney_W_2,04.03.2014,6,8.02,29.63,2.9,0.460023921,92.86,40,127.86
Nney_W_2,12.03.2014,6.3,8.01,30.62,4.84,0.361447367,92.86,15,184.76
Nney_W_2,19.03.2014,7.4,8.23,30.97,2.9,0.206485023,78.57,40,130.96
Nney_W_2,24.03.2014,7.5,8.03,29.45,2.29,0.258139138,71.43,40,74.7
Nney_W_2,01.04.2014,8.6,8.14,31.4,2.55,NA,62.86,40,129.27
Nney_W_2,08.04.2014,10.6,8.17,31.84,2.23,NA,53.57,40,101.88
Nney_W_2,15.04.2014,8.8,8.36,32.37,2.03,NA,43.57,40,142.57
Nney_W_2,22.04.2014,12.3,8.27,32.41,1.68,NA,38.57,40,96.54
Nney_W_2,28.04.2014,14,8.23,31.55,1.81,NA,37.86,20,98.32
Nney_W_2,05.05.2014,13.2,8.19,31.37,1.13,NA,27.86,100,78.21
Nney_W_2,12.05.2014,12.7,8.15,31.08,2.9,NA,51.43,50,144.62
Nney_W_2,21.05.2014,16.2,8.3,31.51,1.61,NA,37.14,60,94.67
Nney_W_2,26.05.2014,16.5,8.16,31.44,3.19,NA,50,60,132.61
Nney_W_2,02.06.2014,16.7,8.12,32.11,2.06,NA,37.86,70,93.91
Nney_W_2,11.06.2014,18.7,8.07,32.18,1.94,NA,27.86,80,99.64
Nney_W_2,16.06.2014,18.1,8.09,31.78,2.1,NA,39.29,80,102.8
Nney_W_2,23.06.2014,16.2,8.08,32.48,2.16,NA,27.86,60,97.94
Nney_W_2,30.06.2014,19.5,8.04,32.26,2.29,NA,39.29,60,84.34
Nney_W_2,07.07.2014,20.2,8.03,32.37,2.32,NA,30.71,70,84.34
Nney_W_2,14.07.2014,20.6,8.08,32.23,2.42,NA,32.14,70,129.65
Nney_W_2,21.07.2014,22.1,8.08,32.7,3.55,0.107908468,40,50,125.66
Nney_W_2,28.07.2014,22.9,8.1,34.56,3.87,NA,42.86,70,137.2
Nney_W_2,05.08.2014,22.3,8.1,33.12,3.87,0.112640143,40,50,114.42
Nney_W_2,11.08.2014,20.8,8.09,32.53,2.71,0.192421434,50.71,70,145.14
Nney_W_2,18.08.2014,17.4,8.12,31.87,3.23,0.239343874,45,20,141.86
Nney_W_2,25.08.2014,16.1,8.13,30.89,3.87,0.258139138,67.14,45,147.81
Nney_W_2,01.09.2014,18.2,8.28,31.09,3.23,0.234743635,34.29,60,131.98
Nney_W_2,08.09.2014,18.2,8.31,31.69,2.81,NA,27.14,70,125.44
Nney_W_2,18.09.2014,18.3,8.24,31.5,1.97,NA,25.71,60,108.05
Nney_W_2,23.09.2014,16.4,8.19,32.78,2.06,NA,27.86,80,131.5
Nney_W_2,30.09.2014,16.8,8.12,31.6,2.42,NA,35.71,70,125.91
Nney_W_2,06.10.2014,16.7,8.28,31.79,3.23,NA,41.43,50,126.83
Nney_W_2,13.10.2014,14.2,8.17,30.27,3.55,0.61025459,47.14,50,142.42
Nney_W_2,20.10.2014,14.5,8.23,33.67,2.52,NA,40,75,126.9
Nney_W_2,28.10.2014,12.5,8.07,31.31,3.55,0.258139138,56.43,30,160.85
Nney_W_2,04.11.2014,12.2,7.99,28.21,3.55,0.253538898,64.29,35,158.25
Nney_W_2,11.11.2014,9.4,8.05,29.93,3.55,0.844998226,71.43,30,136.88
Nney_W_2,18.11.2014,9.3,8.01,31.19,3.87,1.126532865,78.57,25,159.51
Nney_W_2,26.11.2014,7.4,8.08,30.8,4.52,0.366179041,78.57,30,161.06
Nney_W_2,03.12.2014,4.5,8.08,32.72,2.74,0.225280286,57.86,50,136.05
Nney_W_2,10.12.2014,4.9,8.1,31.47,2.06,0.267602487,37.86,55,127.6
Nney_W_2,18.12.2014,5.5,8.06,30.68,2.35,0.253538898,57.86,20,117.27
Nney_W_2,22.12.2014,7.9,8.12,31.45,2.65,0.187821195,55.71,35,136.6
Nney_W_2,29.12.2014,5.3,8.11,31.71,2.26,0.267602487,60,20,134.2
Nney_W_2,08.01.2015,5.3,7.96,30.67,2.97,0.352115453,65,30,166.71
Nney_W_2,13.01.2015,6.5,8.01,30.33,1.68,0.290997989,55.71,50,133.55
Nney_W_2,19.01.2015,5.3,7.97,29.23,2.13,0.413101481,78.57,25,117.04
Nney_W_2,26.01.2015,4.1,7.92,28.96,2.03,0.422433395,78.57,40,137.22
Nney_W_2,02.02.2015,4.1,8,29.09,2.84,0.413101481,78.57,30,146.24
Nney_W_2,09.02.2015,4.4,8.03,30.82,1.87,0.290997989,64.29,40,135.8
Nney_W_2,16.02.2015,3.4,8.01,30.44,2.42,0.337920429,71.43,34,140.38
Nney_W_2,23.02.2015,4.2,8.06,28.23,4.52,0.469355835,135.71,20,192.8
Nney_W_2,02.03.2015,4.9,8.04,29.88,5.81,0.370779281,121.43,10,275.18
Nney_W_2,09.03.2015,5.9,8.09,29.01,3.23,0.314524927,100,30,160.32
Nney_W_2,17.03.2015,5.9,8.04,30.94,2.68,0.192421434,78.57,30,155.88
Nney_W_2,23.03.2015,6.2,8.15,31.01,3.23,NA,71.43,30,179.99
Nney_W_2,30.03.2015,6.8,8.34,29.81,2.58,NA,70.71,60,146.44
Nney_W_2,07.04.2015,8.2,8.27,30.62,2.52,NA,70,40,133.53
Nney_W_2,15.04.2015,9.7,8.22,28.88,2.81,NA,85.71,50,138.95
Nney_W_2,20.04.2015,10.7,8.2,29.85,1.52,NA,60,60,88.11
Nney_W_2,29.04.2015,10.1,8.14,29.73,2.77,NA,67.86,30,156.31
Nney_W_2,04.05.2015,12,8.13,29.09,1.26,NA,53.57,60,126.54
Nney_W_2,13.05.2015,12.4,8.02,30.67,3.23,NA,71.43,60,159.83
Nney_W_2,18.05.2015,12.3,8.16,31.1,1.94,NA,40,50,125.79
Nney_W_2,28.05.2015,13.5,7.96,31.27,1.58,NA,37.14,60,126.26
Nney_W_2,01.06.2015,13.5,7.85,31.05,1.55,NA,35,100,130.85
Nney_W_2,08.06.2015,16.1,8.2,30.03,2.1,NA,57.14,60,120.95
Nney_W_2,15.06.2015,15.9,7.42,31.4,1.84,NA,45,70,126.78
Nney_W_2,22.06.2015,14.9,8.12,32.19,1.45,NA,34.29,140,116.87
Nney_W_2,29.06.2015,17.2,7.21,31.8,1.42,NA,38.57,110,118.41
Nney_W_2,06.07.2015,20.3,8.17,32.38,NA,NA,NA,90,187.11
Nney_W_2,14.07.2015,18.4,8.14,31.68,2.29,NA,32.86,110,142.46
Nney_W_2,20.07.2015,18.3,8.23,32.53,2.13,NA,39.29,120,120.91
Nney_W_2,27.07.2015,17.2,8.11,31.59,3.16,NA,50.71,30,128.62
Nney_W_2,03.08.2015,18.7,7.73,32.07,2.39,NA,40,80,120.66
Nney_W_2,12.08.2015,19.4,8.13,32.06,2.74,NA,48.57,90,118.84
Nney_W_2,17.08.2015,19.3,8.13,31.77,4.52,NA,37.14,80,146.69
Nney_W_2,26.08.2015,18.1,8.19,32.3,2.9,NA,19.29,70,139.11
Nney_W_2,31.08.2015,18.6,8.04,31.35,2.77,NA,42.14,70,162.82
Nney_W_2,09.09.2015,16,8.16,33.05,1.9,NA,29.29,75,148.92
Nney_W_2,14.09.2015,16.7,8.07,32.28,1.52,NA,27.86,150,106.68
Nney_W_2,21.09.2015,15.6,8.14,30.95,3.55,NA,55,55,147.02
Nney_W_2,29.09.2015,15,8.12,31.14,2.61,NA,41.43,50,133.77
Nney_W_2,05.10.2015,15.2,8.15,31.63,4.52,NA,34.29,100,115.85
Nney_W_2,12.10.2015,10.3,8.26,31.54,2.13,NA,29.29,30,116.4
Nney_W_2,19.10.2015,11.9,7.84,32.02,2.06,NA,35,85,129.74
Nney_W_2,26.10.2015,10.7,8.03,31.29,3.23,0.107908468,51.43,30,150.3
Nney_W_2,02.11.2015,9.8,7.83,31.38,2.23,0.164294258,52.86,73,121.58
Nney_W_2,09.11.2015,11.9,7.81,31.35,3.23,0.14076732,55.71,70,129.44
Nney_W_2,16.11.2015,11.7,8.13,30.04,3,0.159562583,59.29,50,138.91
Nney_W_2,23.11.2015,8.6,7.84,31.03,2.94,0.197153109,45,90,132.61
Nney_W_2,30.11.2015,8.2,8,32.09,1.58,0.136167081,36.43,50,129.21
Nney_W_2,07.12.2015,8.3,8.03,29.62,2.23,0.403638132,78.57,35,126.34
Nney_W_2,14.12.2015,7.2,7.9,29.77,6.77,0.455292247,100,30,186.06
Nney_W_2,22.12.2015,8.3,7.85,29.79,2.71,0.450692007,71.43,NA,NA
Nney_W_2,28.12.2015,8.8,7.91,28.65,4.19,0.65717703,100,20,NA
Nney_W_2,11.01.2016,3,7.93,29.08,4.19,0.65717703,100,40,151.62
Nney_W_2,22.01.2016,0.2,8.08,28.59,5.16,0.56333215,100,45,168.69
Nney_W_2,25.01.2016,4,7.95,28.84,5.81,0.65717703,114.29,35,172.91
Nney_W_2,01.02.2016,6.8,8.01,30.35,5.81,0.413101481,100,40,228.8
Nney_W_2,09.02.2016,6.4,8,30.49,2.68,0.361447367,71.43,50,124.8
Nney_W_2,15.02.2016,4.5,8.05,29.85,4.19,0.51640971,92.86,30,179.25
Nney_W_2,22.02.2016,5.6,8.02,28.58,4.19,0.56333215,114.29,20,173.84
Nney_W_2,29.02.2016,5.4,7.96,28.29,3.55,0.56333215,121.43,30,130.55
Nney_W_2,07.03.2016,5.4,8.1,29.41,5.48,0.366179041,92.86,25,194.08
Nney_W_2,14.03.2016,5.4,8.1,30.02,2.77,0.248807224,92.86,30,137.13
Nney_W_2,21.03.2016,6.7,8.21,30.73,3.55,0.131435406,78.57,48,156.34
Nney_W_2,29.03.2016,7.5,8.27,29.73,2.03,NA,85.71,35,115.48
Nney_W_2,04.04.2016,9.2,8.32,30.01,1.58,NA,71.43,80,112.59
Nney_W_2,11.04.2016,9.5,8.26,29.97,2.77,NA,78.57,63,139.64
Nney_W_2,18.04.2016,9.5,8.34,30.41,1.94,NA,47.86,50,120.5
Nney_W_2,25.04.2016,8.8,8.19,30.83,2.48,NA,59.29,85,110.4
Nney_W_2,02.05.2016,9.8,8.46,29.31,2.45,NA,52.86,55,132.27
Nney_W_2,09.05.2016,15,8.28,31.67,3.1,NA,63.57,NA,135.86
Nney_W_2,18.05.2016,12.3,8.16,31.48,2.29,NA,36.43,115,129.78
Nney_W_2,23.05.2016,14.4,8.14,31.86,1.84,NA,32.14,85,120.62
Nney_W_2,30.05.2016,14.7,8.11,32.19,1.77,NA,20.71,65,120.44
Nney_W_2,06.06.2016,17.8,8.09,32.51,2,NA,31.43,110,118.24
Nney_W_2,14.06.2016,16.8,8.12,32.49,1.45,0.065717703,30.71,110,120.78
Nney_W_2,20.06.2016,16.5,8.15,32.24,2.03,NA,37.86,85,124.75
Nney_W_2,27.06.2016,18.4,8.1,32.35,1.9,NA,30,60,130.78
Nney_W_2,04.07.2016,18.6,8.07,30.2,2.48,NA,46.43,55,117.51
Nney_W_2,11.07.2016,18.4,8.19,31.32,2.06,NA,28.57,100,123.55
Nney_W_2,18.07.2016,18.4,8.11,30.07,2.26,NA,43.57,90,107.37
Nney_W_2,25.07.2016,21.1,8.18,30.64,3.87,NA,63.57,110,121.97
Nney_W_2,01.08.2016,19.3,8.19,30.02,2.13,NA,33.57,125,113.5
Nney_W_2,08.08.2016,19,8.14,30.14,1.74,0.065717703,33.57,110,106.84
Nney_W_2,15.08.2016,18.3,8.11,31.55,2.48,NA,34.29,48,117.79
Nney_W_2,22.08.2016,18.8,8.13,30.31,2.48,0.065717703,34.29,105,125.49
Nney_W_2,29.08.2016,20.2,8.19,30.51,2.23,0.056385789,29.29,160,105.93
Nney_W_2,05.09.2016,19.3,8.15,30.79,2.06,NA,27.14,140,111.31
Nney_W_2,13.09.2016,20.4,8.15,31.3,2.1,0.056385789,25,180,113.57
Nney_W_2,19.09.2016,19.3,8.12,32.23,2.81,0.117371818,29.29,152,102.93
Nney_W_2,27.09.2016,17.2,8.17,31.62,2.87,NA,27.14,171,104.94
Nney_W_2,04.10.2016,15.4,8.06,31.87,2.55,0.122103492,37.14,90,115.02
Nney_W_2,13.10.2016,11.3,8.08,33.08,2.03,0.187821195,28.57,85,125
Nney_W_2,17.10.2016,10.9,7.82,32.42,2.19,0.122103492,31.43,90,104.62
Nney_W_2,26.10.2016,9.2,8.11,33.1,1.71,0.084512966,32.14,70,107.25
Nney_W_2,31.10.2016,11.2,8.06,32,1.61,0.079781291,38.57,75,112.3
Nney_W_2,07.11.2016,8.5,8.06,31.69,1.81,0.070449378,40,60,122.6
Nney_W_2,14.11.2016,4,8.13,31.52,1.9,0.248807224,40,80,113.15
Nney_W_2,21.11.2016,6.5,8.08,30.33,2.26,0.267602487,52.86,60,114.64
Nney_W_2,28.11.2016,6.4,8.11,29.02,1.65,NA,40.71,70,115.31
Nney_W_2,05.12.2016,4.8,8.13,30.92,1.77,NA,45,NA,104.63
Nney_W_2,14.12.2016,6.4,8.15,29.88,2.16,NA,54.29,80,106.28
Nney_W_2,19.12.2016,5.8,8.08,30.03,1.97,NA,45.71,100,117.86
Nney_W_2,27.12.2016,6.9,8.14,32.3,1.55,NA,42.14,70,106.56
Nney_W_2,02.01.2017,5.5,7.95,31.73,2.1,0.240921099,52.86,44,146.67
Nney_W_2,10.01.2017,3.2,8.05,31.12,2.16,0.1796722,55.71,35,139.89
Nney_W_2,16.01.2017,2.8,8.18,31.89,2,0.219102822,51.43,45,136.58
Nney_W_2,25.01.2017,2.2,8.16,31.16,2.35,0.262870812,59.29,60,133.92
Nney_W_2,30.01.2017,1.9,8.08,30.09,2.45,0.21029665,70,60,127.37
Nney_W_2,08.02.2017,1.5,8,31.29,3.1,0.306638802,64.29,40,141.33
Nney_W_2,13.02.2017,0.3,8.06,31.97,3.55,0.262870812,52.14,20,158.7
Nney_W_2,23.02.2017,3.7,7.13,31.02,1.19,0.306638802,NA,70,116.68
Nney_W_2,28.02.2017,4.9,8.14,29.86,2.97,0.1796722,92.86,50,180.56
Nney_W_2,09.03.2017,5,8.18,29.87,2.87,0.1796722,92.86,20,160.76
Nney_W_2,13.03.2017,5.8,8.06,30.12,1.94,0.239343874,36.43,37,152.32
Nney_W_2,20.03.2017,8.1,8.04,29.38,1.23,0.117371818,57.14,NA,35.01
Nney_W_2,27.03.2017,8.1,8.22,30.35,1.29,0.060986028,53.57,40,34.38
Nney_W_2,03.04.2017,10.4,8.15,29.13,1.35,0.103308229,63.57,NA,102.8
Nney_W_2,11.04.2017,10.4,8.17,31.31,1.06,NA,33.57,95,38.5
Nney_W_2,19.04.2017,9.3,8.28,30.09,1.71,NA,85.71,50,21.94
Nney_W_2,24.04.2017,9,8.31,31.42,1.29,NA,54.29,50,45.04
Nney_W_2,02.05.2017,10.6,8.41,30.66,2.35,NA,44.29,40,39.79
Nney_W_2,08.05.2017,11.2,8.18,31.44,1.23,NA,22.14,65,125.49
Nney_W_2,15.05.2017,14.6,8.23,31.89,1.16,NA,26.43,60,112.99
Nney_W_2,22.05.2017,14.8,8.35,31.24,1.42,NA,42.14,NA,55.88
Nney_W_2,29.05.2017,17.8,7.95,31.94,1.74,NA,41.43,NA,51.79
Nney_W_2,07.06.2017,16,8.183,32.03,2.48,NA,47.14,NA,78.304
Nney_W_2,12.06.2017,16.2,8.094,32.32,1.94,NA,25,80,118.688
Nney_W_2,20.06.2017,19.2,8.184,32.44,1.42,NA,26.43,110,20.268
Nney_W_2,26.06.2017,18.1,8.138,32.92,2,0.070449378,21.43,85,36.672
Nney_W_2,03.07.2017,17.8,8.232,32.51,1.58,NA,24.29,110,31.128
Nney_W_2,10.07.2017,20.1,8.23,32.54,1.35,NA,20.71,31.5,27.76
Nney_W_2,19.07.2017,19,8.2,32.58,3,NA,31.43,80,40.32
Nney_W_2,24.07.2017,19.6,8.17,32.47,1.84,NA,20.71,80,31.76
Nney_W_2,02.08.2017,19.6,8.21,31.22,1.87,0.051654115,26.43,75,40.656
Nney_W_2,08.08.2017,19.2,8.218,31.1,2.87,0.04692244,44.29,70,30.248
Nney_W_2,17.08.2017,19.1,8.174,31.57,2.1,NA,28.57,82,33.272
Nney_W_2,21.08.2017,17.8,8.212,31.91,1.94,NA,25.71,90,37.132
Nney_W_2,28.08.2017,19.7,8.207,31.57,2.29,NA,30,113,29.524
Nney_W_2,04.09.2017,18.5,8.18,31.48,2.65,NA,22.14,128,121.996
Nney_W_2,11.09.2017,16.8,8.205,32.24,1.84,NA,30.71,60,34.548
Nney_W_2,18.09.2017,14.6,8.192,30.6,2.23,0.51640971,45,65,32.84
Nney_W_2,25.09.2017,16,8.133,31.09,1.97,0.122103492,40.71,30.2,29.552
Nney_W_2,02.10.2017,15.1,8.138,31.38,2.84,0.070449378,55,70,43.04
Nney_W_2,09.10.2017,13.3,8.153,33.87,2.48,0.136167081,40.71,NA,46.476
Nney_W_2,16.10.2017,14.1,8.454,32.71,2.68,0.230011961,53.57,70,46.28
Nney_W_2,23.10.2017,13.3,7.931,31.35,2.84,0.244075549,52.86,50,49.16
Nney_W_2,02.11.2017,12,8.12,33.33,1.42,0.103308229,33.57,50,33.712
Nney_W_2,06.11.2017,10.8,8.162,31.74,2.45,0.28639775,50.71,60,53.232
Nney_W_2,15.11.2017,9.2,7.18,32.07,1.42,0.206485023,54.29,NA,34.372
Nney_W_2,20.11.2017,8.7,8.103,32.33,1.48,0.178357846,42.86,NA,48.86
Nney_W_2,27.11.2017,7.2,8.11,31.58,1.71,0.305061577,50,50,37.044
Nney_W_2,04.12.2017,6.8,8.11,32.22,1.32,0.215948372,42.86,60,41.56
Nney_W_2,14.12.2017,4.5,8.18,31.25,1.84,0.262870812,55.71,50,69.84
Nney_W_2,20.12.2017,5.1,8.124,30.18,2.26,0.417833156,68.57,25,78.984
Nney_W_2,03.01.2018,5,8.22,30.13,2.52,0.61025459,85.71,30,76.716
Nney_W_2,08.01.2018,4.9,8.149,27.67,1.9,0.65717703,92.86,NA,95.368
Nney_W_2,15.01.2018,2.7,7.934,28.96,1.61,0.844998226,31.43,50,49.692
Nney_W_2,22.01.2018,3.6,8.029,27.69,2.23,0.985765546,78.57,40,70.84
Nney_W_2,30.01.2018,5.8,8.106,28.94,1.55,0.844998226,50.71,40,49.992
Nney_W_2,05.02.2018,3.4,7.988,28.64,2.19,0.985765546,58.57,50,70.64
Nney_W_2,12.02.2018,3.5,7.961,28.23,1.52,0.61025459,60,50,43.632
Nney_W_2,19.02.2018,2.9,8.025,26.55,1.65,1.173586741,100,55,42.644
Nney_W_2,27.02.2018,0.6,8.077,30.47,2.16,0.347383778,53.57,45,91.96
Nney_W_2,05.03.2018,0.3,8.16,30.35,1.97,0.65717703,49.29,NA,48.448
Nney_W_2,12.03.2018,3.1,8.14,29.67,1.48,0.56333215,42.86,60,39.872
Nney_W_2,20.03.2018,2.4,8.139,32.615,0.74,0.469355835,32.14,90,32.492
Nney_W_2,28.03.2018,4.1,8.38,31.07,1.55,NA,55,40,64.644
Nney_W_2,04.04.2018,6.5,8.54,30.97,1.52,NA,40.71,60,48.188
Nney_W_2,11.04.2018,6.6,8.31,31.93,1.32,NA,36.43,90,42.564
Nney_W_2,16.04.2018,9.4,8.258,31.29,0.74,NA,30.71,NA,34.344
Nney_W_2,24.04.2018,11.1,8.53,31.34,1.1,NA,28.57,60,35.7
Nney_W_2,30.04.2018,10.3,8.45,30.65,1.39,NA,27.86,60,42.492
Nney_W_2,07.05.2018,13.7,8.535,29.93,1.29,NA,25,90,25.152
Nney_W_2,14.05.2018,14.6,8.528,30.69,1.77,NA,30,70,30.393
Nney_W_2,24.05.2018,15.2,8.413,31.57,2.1,0.211216698,31.43,65,27.824
Nney_W_2,28.05.2018,17.6,8.324,32.26,1.45,0.230011961,27.86,1.3,26.356
Nney_W_2,04.06.2018,18.3,8.236,32.07,1.26,0.112640143,23.57,1.3,27.58
Nney_W_2,11.06.2018,18.9,7.973,32.16,1.55,NA,25,1.15,38.58
Nney_W_2,18.06.2018,18.3,8.09,31.655,1.68,NA,25.71,70,40.344
Nney_W_2,25.06.2018,15.6,8.132,31.81,0.94,NA,22.14,100,34.876
Nney_W_2,02.07.2018,19,8.008,31.95,0.74,0.14076732,17.14,110,30.044
Nney_W_2,10.07.2018,17.7,8.05,32.26,0.77,0.122103492,18.57,210,26.252
Nney_W_2,18.07.2018,21.8,8.076,32.81,1.58,0.122103492,23.57,120,109.828
Nney_W_2,23.07.2018,21.5,8.056,33.08,0.77,NA,19.29,210,25.516
Nney_W_2,30.07.2018,23.2,8.04,33.3,2.23,0.173626171,27.86,2.9,20.656
Nney_W_2,08.08.2018,23.1,8.09,33.025,2.13,0.112640143,20,2.9,26.308
Nney_W_2,13.08.2018,19.7,7.856,32.03,1.9,0.206485023,24.29,1.2,27.408
Nney_W_2,21.08.2018,19.5,8.01,32.2,1.13,0.178357846,28.57,80,28.272
Nney_W_2,27.08.2018,17.2,8.114,32.12,1.26,0.154962344,30,75,34.324
Nney_W_2,05.09.2018,18.5,8.13,31.12,1.65,NA,19.29,1.4,26.2
Nney_W_2,10.09.2018,17.8,7.995,35.24,1.84,0.211216698,27.14,NA,14.592
Nney_W_2,19.09.2018,17,8.05,35.38,1.94,0.276934401,30.71,90,30.14
Nney_W_2,24.09.2018,15,8.015,36.23,1.39,0.253538898,22.86,100,35.068
Nney_W_2,01.10.2018,12.1,8.029,36.17,1.35,NA,20,100,11.508
Nney_W_2,08.10.2018,12.8,8.01,35.88,1.55,0.206485023,21.43,70,37.936
Nney_W_2,15.10.2018,15.8,7.93,37.01,1.81,0.220680047,26.43,80,10.084
Nney_W_2,22.10.2018,14,8.06,31.89,1.87,NA,33.57,95,121.19
Nney_W_2,29.10.2018,9.7,8.02,31.29,1.45,0.206485023,27.86,50,137.59
Nney_W_2,05.11.2018,8.7,8.052,31.12,1.39,0.248807224,31.43,80,34.128
Nney_W_2,12.11.2018,10,7.888,30.69,1.74,0.450692007,42.86,100,120.08
Nney_W_2,19.11.2018,7,7.996,30.79,1.81,0.450692007,48.57,45,36.876
Nney_W_2,26.11.2018,5.5,7.954,31.2,1.55,0.352115453,38.57,60,25.388
Nney_W_2,04.12.2018,6,8.06,30.05,2.13,0.51640971,45,40,65.368
Nney_W_2,11.12.2018,6.9,8.025,31.81,1.48,0.305061577,36.43,NA,47.068
Nney_W_2,19.12.2018,3.1,7.935,30.91,1.87,0.51640971,24.29,NA,42.828
JaBu_W_1,07.01.2007,NA,NA,NA,NA,NA,NA,NA,NA
JaBu_W_1,07.01.2008,NA,NA,NA,NA,NA,NA,NA,NA
JaBu_W_1,07.01.2009,1.2,8.3,NA,3.032,2.35,70,NA,120
JaBu_W_1,22.01.2009,1.8,8.2,NA,2.548,2.14,70,NA,110
JaBu_W_1,28.01.2009,1.7,8.3,16.67,3.226,2.35,71.42857143,NA,100
JaBu_W_1,11.02.2009,2.3,8.4,9.71,2.968,2.14,60.71428571,NA,93
JaBu_W_1,24.02.2009,2.7,8.5,16.88,2.194,2.05,64.28571429,NA,99
JaBu_W_1,10.03.2009,4.5,8.6,16.64,2.032,1.95,70,NA,94
JaBu_W_1,26.03.2009,6.3,8.5,16.37,2.613,1.86,78.57142857,NA,100
JaBu_W_1,07.04.2009,9.6,8.5,16.01,2.129,1.01,78.57142857,NA,73
JaBu_W_1,24.04.2009,14,8.2,16.39,2.419,0.21,50,NA,100
JaBu_W_1,06.05.2009,13.3,8.5,16.81,2.258,0.41,42.85714286,NA,91
JaBu_W_1,25.05.2009,17.3,8.3,16.92,3.871,0.47,57.85714286,NA,130
JaBu_W_1,02.06.2009,18.1,8.1,17.74,2.903,0.64,59.28571429,NA,82
JaBu_W_1,18.06.2009,16.3,7.7,17.84,2.742,0.66,45,NA,92
JaBu_W_1,30.06.2009,20.3,8.1,17.99,3.226,0.45,50,NA,100
JaBu_W_1,13.07.2009,18.9,8.2,18.27,3.548,1.22,53.57142857,NA,110
JaBu_W_1,31.07.2009,19,8.4,18.12,3.129,0.81,60,NA,91
JaBu_W_1,10.08.2009,18.9,8.2,18.71,3.548,0.58,59.28571429,NA,110
JaBu_W_1,24.08.2009,21.2,8.1,19.31,3.871,0.64,63.57142857,NA,86
JaBu_W_1,08.09.2009,18.1,7.7,19.5,3.548,0.75,61.42857143,NA,82
JaBu_W_1,22.09.2009,16.9,7.9,18.55,NA,,NA,NA,NA
JaBu_W_1,05.10.2009,14,7.9,18.38,3.065,0.81,52.85714286,NA,77
JaBu_W_1,19.10.2009,9.8,8,17.68,2.839,1.22,69.28571429,NA,75
JaBu_W_1,03.11.2009,9.6,7.9,17.67,3.097,1.52,57.14285714,NA,67
JaBu_W_1,04.01.2010,0,8.2,16.41,3.548,2.35,78.57142857,40,97
JaBu_W_1,19.01.2010,0.5,8,15.83,3.161,2.57,85.71428571,58,68
JaBu_W_1,26.01.2010,-1.6,8,16.29,2.645,2.78,78.57142857,45,63
JaBu_W_1,12.02.2010,-1.5,8,16.53,2.516,2.57,78.57142857,60,59
JaBu_W_1,26.02.2010,0.1,8,16.05,2.419,2.78,100,75,45
JaBu_W_1,17.03.2010,4.1,7.9,15.41,4.516,2.78,121.4285714,35,92
JaBu_W_1,26.03.2010,7.3,8.1,17.23,2.258,2.1,100,80,58
JaBu_W_1,09.04.2010,8.3,8.1,16.15,1.968,0.49,78.57142857,60,57
JaBu_W_1,23.04.2010,9.9,8.5,17.11,6.129,0.21,66.42857143,35,140
JaBu_W_1,06.05.2010,10.6,8.4,16.82,2.903,0.28,40.71428571,45,53
JaBu_W_1,21.05.2010,13.1,8.1,16.83,2.29,0.21,27.14285714,45,41
JaBu_W_1,10.06.2010,17.4,8.1,17.92,2.677,0.21,41.42857143,50,37
JaBu_W_1,23.06.2010,17.8,8.1,18.4,2.645,0.3,25,75,43
JaBu_W_1,07.07.2010,21,8,18.5,1.806,0.24,17.14285714,100,37
JaBu_W_1,21.07.2010,22.8,8.1,18.12,3,0.32,25,75,21
JaBu_W_1,09.08.2010,20,8.1,18.55,2.194,0.36,15,80,42
JaBu_W_1,19.08.2010,19.2,7.9,19.26,3.226,0.43,50,55,46
JaBu_W_1,02.09.2010,17,7.9,18.76,2.774,0.96,30,60,46
JaBu_W_1,06.10.2010,14.4,7.9,16.88,3.032,0.96,40,50,39
JaBu_W_1,21.10.2010,11.8,8,16.37,3.065,1.37,45,50,61
JaBu_W_1,03.11.2010,10.8,7.7,15.38,3.129,1.498,35,55,36
JaBu_W_1,18.11.2010,7.3,8,14.88,3.161,1.37,38.57142857,50,20
JaBu_W_1,03.12.2010,1.3,8,14.94,2.935,1.691,63.57142857,50,20
JaBu_W_1,17.12.2010,0,8,15.29,2.71,2.568,54.28571429,50,20
JaBu_W_1,04.01.2011,-0.6,8,15.68,2.935,1.3,65.71428571,60,29
JaBu_W_1,17.01.2011,2.9,8,16.7,2.613,2.6,63.57142857,75,15
JaBu_W_1,01.02.2011,1,8,15.058,3.871,2.6,92.85714286,NA,45
JaBu_W_1,15.02.2011,2.7,8,14.873,2.419,2.78,85.71428571,NA,21
JaBu_W_1,01.03.2011,1.4,8,15.255,1.71,1.03,47.14285714,60,25
JaBu_W_1,16.03.2011,4.2,8,15.73,2.258,2.1,78.57142857,50,23
JaBu_W_1,30.03.2011,7.6,8,16.253,1.613,1.4,43.57142857,75,12
JaBu_W_1,14.04.2011,9.9,8,16.992,2.484,1.1,64.28571429,55,31
JaBu_W_1,27.04.2011,14.3,8,17.175,3.129,0.43,70.71428571,65,30
JaBu_W_1,12.05.2011,15.5,8.1,17.3,1.839,NA,17.85714286,55,26
JaBu_W_1,26.05.2011,15.3,8,17.544,2.387,NA,33.57142857,55,33
JaBu_W_1,16.06.2011,18.8,8,18.3,3.032,NA,40,65,36
JaBu_W_1,28.06.2011,19.8,8,18.6,2.258,NA,20.71428571,50,30
JaBu_W_1,12.07.2011,19.4,7.9,19.2,2.258,NA,33.57142857,50,23
JaBu_W_1,27.07.2011,17.4,7.9,18,3.226,0.65,49.28571429,45,30
JaBu_W_1,16.08.2011,18.2,7.8,17.28,2.129,0.63,45,60,53
JaBu_W_1,26.08.2011,20.3,7.8,18.06,2.548,0.55,52.14285714,60,29
JaBu_W_1,09.09.2011,17.1,7.8,18.02,2.613,1.7,47.14285714,45,39
JaBu_W_1,27.09.2011,17.4,7.9,NA,3.097,0.95,41.42857143,62,36
JaBu_W_1,13.10.2011,13.9,7.9,18,2.645,1.6,23.57142857,49,34
JaBu_W_1,25.10.2011,9.4,8,17.27,3.548,0.92,43.57142857,41,74
JaBu_W_1,15.11.2011,6.5,8,17.36,4.516,2.3,71.42857143,NA,52
JaBu_W_1,25.11.2011,7.5,7.9,17.91,5.806,1.4,47.14285714,NA,96
JaBu_W_1,08.12.2011,5.5,8,17.75,3.548,1.9,43.57142857,NA,39
JaBu_W_1,22.12.2011,4.6,7.9,15.21,3.065,2.5,44.28571429,40,43
JaBu_W_1,09.01.2012,6.4,8,16.22,4.516,2.5,78.57142857,40,68
JaBu_W_1,23.01.2012,5,8,16.24,3.871,2.5,56.42857143,35,61
JaBu_W_1,23.02.2012,3.6,8,17.01,3.548,2.5,67.85714286,NA,45
JaBu_W_1,07.03.2012,5.4,8,16.64,3.548,2.3,92.85714286,40,46
JaBu_W_1,22.03.2012,8,8,17.96,2.226,1.7,55.71428571,50,28
JaBu_W_1,04.04.2012,7.6,8,18.29,3.032,1.2,49.28571429,NA,51
JaBu_W_1,19.04.2012,9.6,8.1,18.14,2.419,0.44,32.14285714,NA,39
JaBu_W_1,02.05.2012,12.8,8.2,18.32,1.613,NA,34.28571429,70,25
JaBu_W_1,21.05.2012,15.5,8.1,18,1.419,NA,23.57142857,NA,8
JaBu_W_1,04.06.2012,15.6,8,18.49,2.097,NA,23.57142857,60,23
JaBu_W_1,19.06.2012,16.7,8,17.97,1.613,NA,18.57142857,50,22
JaBu_W_1,03.07.2012,19.4,8,17.98,1.871,0.43,20.71428571,60,18
JaBu_W_1,18.07.2012,18.6,8,18.54,2.935,NA,28.57142857,50,42
JaBu_W_1,14.08.2012,19.2,7.9,16.06,3.097,0.62,20.71428571,50,22
JaBu_W_1,28.08.2012,19.2,7.8,18.24,3.548,1.1,43.57142857,NA,19
JaBu_W_1,13.09.2012,17.3,7.9,18.67,2.935,1.2,30,80,14
JaBu_W_1,28.09.2012,14,7.9,18.27,3.548,0.96,37.14285714,20,35
JaBu_W_1,12.10.2012,11,7.9,17.8,6.129,1.2,55.71428571,10,120
JaBu_W_1,31.10.2012,9.5,7.9,17.69,5.484,1.9,68.57142857,NA,47
JaBu_W_1,12.11.2012,8.6,7.9,17.33,3.226,0.92,31.42857143,20,35
JaBu_W_1,26.11.2012,7.5,7.9,17.46,3.548,1.7,42.14285714,20,52
JaBu_W_1,17.12.2012,3.6,7.5,16.98,2,0.96,28.57142857,40,24
JaBu_W_1,09.01.2013,6.3,7.9,16.53,2.968,1,39.28571429,20,48
JaBu_W_1,30.01.2013,2.3,7.9,16.21,4.194,1.5,40,40,40
JaBu_W_1,07.02.2013,2.9,7.9,16.18,2.839,1.2,41.42857143,50,21
JaBu_W_1,27.02.2013,1.9,7.9,15.23,2,2.6,65.71428571,60,13
JaBu_W_1,08.03.2013,2.9,8,15.51,2.29,1.4,55.71428571,NA,21
JaBu_W_1,27.03.2013,3.5,8,15.29,1.839,2,42.85714286,40,21
JaBu_W_1,11.04.2013,5.3,8.1,16.01,1.935,1.8,67.14285714,60,19
JaBu_W_1,24.04.2013,10.5,8,16.83,1.968,0.56,37.85714286,40,38
JaBu_W_1,08.05.2013,15.2,8.4,17.35,1.29,NA,28.57142857,40,NA
JaBu_W_1,23.05.2013,12.3,8.3,17.83,0.645,NA,31.42857143,30,24
JaBu_W_1,06.06.2013,16.5,8.2,16.4,1.968,0.54,32.14285714,90,14
JaBu_W_1,19.06.2013,18.7,8.1,16.689,3.097,0.62,48.57142857,50,30
JaBu_W_1,08.07.2013,18.4,7.9,17.22,2.935,NA,49.28571429,50,27
JaBu_W_1,23.07.2013,22.5,8,17.47,3.065,1.4,85.71428571,60,24
JaBu_W_1,02.08.2013,23.2,7.9,17.58,2.806,NA,37.85714286,60,18
JaBu_W_1,04.09.2013,18.8,7.8,18.13,3.226,0.45,40,70,31
JaBu_W_1,19.09.2013,16,7.8,17.95,4.194,1.3,56.42857143,NA,30
JaBu_W_1,16.10.2013,12.7,7.8,17.72,3.065,0.66,70,60,25
JaBu_W_1,01.11.2013,11.7,8,17.69,2.968,0.79,34.28571429,NA,36
JaBu_W_1,15.11.2013,9.1,8,16.2,NA,1.6,58.57142857,70,21
JaBu_W_1,02.12.2013,7.3,7.9,15.98,NA,1.6,65.71428571,50,22
JaBu_W_1,16.12.2013,5.6,7.9,16.17,5.806,1.7,85.71428571,NA,120
JaBu_W_1,03.01.2014,7.3,7.8,16.23,6.129,2.6,78.57142857,NA,100
JaBu_W_1,16.01.2014,5.4,7.9,15.94,4.839,2.8,85.71428571,40,64
JaBu_W_1,30.01.2014,0.4,7.8,16.51,4.516,3,92.85714286,50,70
JaBu_W_1,13.02.2014,4.2,7.9,16.341,4.194,2.4,78.57142857,NA,65
JaBu_W_1,27.02.2014,6.9,8,16.211,4.194,2.4,92.85714286,70,38
JaBu_W_1,12.03.2014,6.9,8,16.262,2.29,2,78.57142857,80,23
JaBu_W_1,27.03.2014,8.4,8,16.482,3.548,1.8,78.57142857,50,60
JaBu_W_1,11.04.2014,11.7,8,17.074,2.806,1.4,85.71428571,70,35
JaBu_W_1,25.04.2014,12.8,8,16.993,2.806,0.56,78.57142857,80,38
JaBu_W_1,14.05.2014,12.8,7.9,16.725,3.871,0.49,85.71428571,30,52
JaBu_W_1,26.05.2014,17.7,8,17.066,2.871,NA,70,60,23
JaBu_W_1,12.06.2014,19.6,7.9,17.346,2.71,1.7,41.42857143,100,32
JaBu_W_1,25.06.2014,17.2,7.9,17.945,3.097,0.43,45.71428571,100,30
JaBu_W_1,10.07.2014,20.7,8,17.898,3.226,0.96,41.42857143,70,37
JaBu_W_1,24.07.2014,23.4,8,18.181,3.548,NA,53.57142857,80,41
JaBu_W_1,08.08.2014,23,8,18.133,3.548,0.9,43.57142857,90,11
JaBu_W_1,20.08.2014,17.4,7.9,18.049,3.871,1.2,52.14285714,50,26
JaBu_W_1,05.09.2014,18.4,7.9,17.825,4.839,1.8,57.85714286,90,14
JaBu_W_1,19.09.2014,18.5,7.9,17.873,3.065,0.94,55,90,12
JaBu_W_1,07.10.2014,15.6,8,17.943,5.806,0.98,63.57142857,NA,25
JaBu_W_1,06.11.2014,12.2,8,17.74,3.548,1.2,47.14285714,50,27
JaBu_W_1,20.11.2014,10,8,17.813,NA,,NA,50,24
JaBu_W_1,04.12.2014,4.5,8,17.977,NA,,NA,60,17
JaBu_W_1,18.12.2014,5.4,8.1,17.888,3.871,1.5,55.71428571,40,34
JaBu_W_1,06.01.2015,4.4,8,16.687,3.871,2.4,71.42857143,30,45
JaBu_W_1,21.01.2015,4.2,8,16.296,3.871,2.4,100,20,52
JaBu_W_1,02.02.2015,3.3,8,16.735,3.548,2.6,92.85714286,20,51
JaBu_W_1,16.02.2015,3.5,8,16.278,3.129,2.8,100,NA,33
JaBu_W_1,03.03.2015,5,8,16.985,3.548,2,85.71428571,NA,48
JaBu_W_1,17.03.2015,7.2,8,16.708,2.806,2,100,40,29
JaBu_W_1,31.03.2015,6.8,8,16.832,3.871,1.6,85.71428571,NA,56
JaBu_W_1,14.04.2015,9,7.9,16.635,2.323,1,71.42857143,40,25
JaBu_W_1,30.04.2015,11.5,8,17.076,2.097,0.39,53.57142857,40,23
JaBu_W_1,13.05.2015,12.7,8.1,17.272,4.839,0.38,56.42857143,30,33
JaBu_W_1,28.05.2015,14.7,8,17.546,1.839,1.4,44.28571429,50,21
JaBu_W_1,11.06.2015,16.2,7.8,17.784,3.032,NA,52.14285714,60,21
JaBu_W_1,29.06.2015,19.4,7.7,17.963,1.774,NA,41.42857143,60,6
JaBu_W_1,15.07.2015,19.6,7.9,18.148,2.355,0.73,33.57142857,40,25
JaBu_W_1,28.07.2015,17.6,7.9,18.142,3.548,0.83,43.57142857,NA,32
JaBu_W_1,11.08.2015,21.6,7.5,17.917,3.871,1.4,61.42857143,40,30
JaBu_W_1,27.08.2015,19.4,7.9,17.796,4.516,2.1,67.85714286,40,5
JaBu_W_1,09.09.2015,17.1,8,17.81,3.871,1.5,57.14285714,40,22
JaBu_W_1,24.09.2015,14.9,8,17.698,3.548,1.3,59.28571429,40,13
JaBu_W_1,08.10.2015,15.2,8,17.898,3.548,0.94,56.42857143,60,18
JaBu_W_1,28.10.2015,9.7,8,17.928,3.548,1.4,65.71428571,40,33
JaBu_W_1,11.11.2015,12.6,7.9,18.216,3.871,1.2,52.14285714,20,44
JaBu_W_1,25.11.2015,7.5,8,16.696,4.516,1.9,85.71428571,20,52
JaBu_W_1,09.12.2015,8.6,8,16.821,4.516,2.4,85.71428571,20,61
JaBu_W_1,11.01.2016,3.3,8.1,16.341,3.548,2.8,78.57142857,30,42
JaBu_W_1,21.01.2016,1.2,7.9,16.683,3.226,2.6,71.42857143,30,36
JaBu_W_1,05.02.2016,4.8,8.1,16.75,3.548,2.4,78.57142857,20,30
JaBu_W_1,19.02.2016,3.5,8.1,15.48,3.871,2,100,40,40
JaBu_W_1,07.03.2016,5.7,8,15.92,3.871,2.8,107.1428571,30,45
JaBu_W_1,21.03.2016,7,8,16.87,3.032,2.4,85.71428571,30,34
JaBu_W_1,05.04.2016,9.4,8.1,NA,2.806,0.77,78.57142857,40,33
JaBu_W_1,18.04.2016,9.8,8.1,17.85,2.903,,65,40,34
JaBu_W_1,04.05.2016,12.2,8.1,17.57,2.194,NA,66.42857143,50,22
JaBu_W_1,02.06.2016,21.6,8,17.01,2.645,,44.28571429,40,24
JaBu_W_1,16.06.2016,20.1,7.9,17.71,2.968,,49.28571429,50,24
JaBu_W_1,30.06.2016,18.2,7.9,17.41,2.645,,48.57142857,80,14
JaBu_W_1,15.07.2016,17.5,7.9,17.43,3.226,0.64,55.71428571,70,24
JaBu_W_1,01.08.2016,20.4,7.8,17.47,4.194,0.6,61.42857143,50,30
JaBu_W_1,15.08.2016,17.8,7.9,17.53,3.226,0.77,53.57142857,60,24
JaBu_W_1,30.08.2016,20.6,7.8,16.94,3.548,0.83,70,60,17
JaBu_W_1,14.09.2016,21.1,7.8,16.85,3.548,0.68,51.42857143,60,18
JaBu_W_1,28.09.2016,18.5,7.8,17.07,3.871,1.1,46.42857143,50,24
JaBu_W_1,19.10.2016,11.8,7.7,17.59,3.226,1.5,52.14285714,50,26
JaBu_W_1,01.11.2016,11.6,7.6,17.44,2.935,1.5,47.85714286,60,24
JaBu_W_1,15.11.2016,6.1,8,17.37,3.548,1.7,65.71428571,50,31
JaBu_W_1,28.11.2016,5.7,7.6,17.47,2.71,1.7,67.14285714,60,22
JaBu_W_1,13.12.2016,5.9,8,17.35,2.613,2.3,NA,60,25
JaBu_W_1,10.01.2017,3,8.1,16.98,3.129,2.6,52.14285714,40,37
JaBu_W_1,30.01.2017,1.8,8,16.83,2.129,2.2,60.71428571,40,36
JaBu_W_1,13.02.2017,1.9,8,16.72,1.871,2.3,52.14285714,50,18
JaBu_W_1,27.02.2017,5.8,8,16.55,2.645,1.4,57.85714286,40,41
JaBu_W_1,13.03.2017,6.8,8,16.6,2.29,1.3,37.14285714,40,34
JaBu_W_1,28.03.2017,9.9,8,16.13,2.387,1.6,41.42857143,40,31
JaBu_W_1,11.04.2017,10.8,8,16.75,2.323,0.85,68.57142857,40,43
JaBu_W_1,26.04.2017,8.7,7.9,17.05,2.194,0.49,59.28571429,40,49
JaBu_W_1,08.05.2017,11.3,7.9,16.91,1.968,0.54,30.71428571,40,48
JaBu_W_1,22.05.2017,16.1,8,16.98,1.484,NA,37.85714286,60,21
JaBu_W_1,06.06.2017,19.7,8,17.6,1.581,0.26,47.14285714,70,15
JaBu_W_1,20.06.2017,19.3,8.1,17.74,1.968,NA,17.85714286,150,9
JaBu_W_1,04.07.2017,17.5,8,17.53,2.581,0.6,37.14285714,90,19
JaBu_W_1,25.07.2017,19.1,7.9,17.55,3.226,0.56,68.57142857,50,24
JaBu_W_1,07.08.2017,19.3,7.9,17.32,3.548,0.95,31.42857143,30,29
JaBu_W_1,22.08.2017,19.1,7.8,17.74,4.194,0.43,50.71428571,50,28
JaBu_W_1,04.09.2017,18.6,7.8,17.78,3.548,1.2,38.57142857,70,22
JaBu_W_1,15.09.2017,14.7,7.9,17.89,3.871,1.5,53.57142857,30,22
JaBu_W_1,04.10.2017,14.3,7.8,16.54,4.839,1.4,59.28571429,20,55
JaBu_W_1,17.10.2017,13.9,7.9,16.73,5.161,2.3,65,30,47
JaBu_W_1,01.11.2017,10.9,7.9,16.9,4.194,2.4,57.85714286,40,40
JaBu_W_1,16.11.2017,9.1,7.9,16.81,2.419,2.7,50.71428571,30,33
JaBu_W_1,30.11.2017,5.6,7.8,16.66,2.645,1.8,71.42857143,10,42
JaBu_W_1,14.12.2017,3.1,7.9,16.45,2.968,2.7,85.71428571,10,61
JaBu_W_1,03.01.2018,5.2,7.9,16.3,4.516,2.8,114.2857143,20,150
JaBu_W_1,17.01.2018,3,7.9,15.9,4.839,2.9,107.1428571,10,200
JaBu_W_1,30.01.2018,4.9,7.9,15.89,2.71,2.7,85.71428571,20,50
JaBu_W_1,15.02.2018,1.6,8,15.41,2.774,2.9,92.85714286,20,67
JaBu_W_1,15.03.2018,3.1,8,15.94,3.548,1.1,85.71428571,20,77
JaBu_W_1,28.03.2018,3.7,8,16.49,3.548,0.65,85.71428571,20,63
JaBu_W_1,12.04.2018,7.8,8,16.95,2.581,0.3,51.42857143,40,20
JaBu_W_1,26.04.2018,11.4,8.1,16.98,1.839,NA,40.71428571,60,21
JaBu_W_1,14.05.2018,17.9,8.4,17.53,1.323,0.46,21.42857143,50,9
JaBu_W_1,28.05.2018,21.8,8,17.43,3.226,1.3,37.14285714,30,28
JaBu_W_1,11.06.2018,20,8,17.79,2.452,0.73,28.57142857,50,28
JaBu_W_1,25.06.2018,16,8,18.18,3.161,0.37,41.42857143,NA,32
JaBu_W_1,11.07.2018,19.1,7.9,18.4,2.581,NA,41.42857143,NA,23
JaBu_W_1,25.07.2018,23.1,7.9,18.43,2.71,NA,37.14285714,30,23
JaBu_W_1,09.08.2018,NA,7.9,18.55,3.226,0.53,31.42857143,90,10
JaBu_W_1,22.08.2018,21.7,7.9,19.75,3.129,0.58,36.42857143,100,12
JaBu_W_1,06.09.2018,20.3,7.9,19.87,2.742,0.31,20.71428571,80,15
JaBu_W_1,20.09.2018,17.4,7.9,17.51,1.742,0.28,33.57142857,90,16
JaBu_W_1,04.10.2018,12.8,7.9,19.65,1.968,0.32,37.85714286,80,19
JaBu_W_1,22.10.2018,13.8,7.8,NA,2.548,0.48,46.42857143,90,27
JaBu_W_1,06.11.2018,10,7.9,NA,2.548,0.6,42.14285714,90,28
JaBu_W_1,22.11.2018,5.3,7.9,NA,2.613,1.3,49.28571429,60,33
JaBu_W_1,05.12.2018,5.6,8,NA,2.097,1.1,45.71428571,50,23
JaBu_W_1,19.12.2018,4,7.9,NA,2.419,1.7,35.71428571,70,28
WeMu_W_1,04.03.2008,NA,NA,NA,NA,,NA,NA,NA
WeMu_W_1,02.04.2008,NA,NA,NA,NA,,NA,NA,NA
WeMu_W_1,15.05.2008,NA,NA,NA,NA,,NA,NA,NA
WeMu_W_1,03.06.2008,NA,NA,NA,NA,,NA,NA,NA
WeMu_W_1,02.07.2008,NA,NA,NA,NA,,NA,NA,NA
WeMu_W_1,13.08.2008,NA,NA,NA,3.871,,78.57142857,NA,NA
WeMu_W_1,25.09.2008,NA,NA,NA,NA,,NA,NA,NA
WeMu_W_1,10.10.2008,NA,NA,NA,NA,,NA,NA,NA
WeMu_W_1,10.03.2009,NA,NA,NA,3.097,2.35,150,NA,NA
WeMu_W_1,21.04.2009,NA,NA,10.78,2.968,1.48,121.4285714,NA,NA
WeMu_W_1,20.05.2009,NA,NA,13.01,3.226,0.4,85.71428571,NA,NA
WeMu_W_1,03.06.2009,NA,NA,10.98,6.774,1.4,114.2857143,NA,NA
WeMu_W_1,02.07.2009,NA,NA,13.84,2.742,0.6,65.71428571,NA,NA
WeMu_W_1,04.08.2009,NA,NA,14.83,2.935,0.7,55,NA,NA
WeMu_W_1,01.09.2009,NA,NA,15.26,3.097,0.5,58.57142857,NA,NA
WeMu_W_1,01.10.2009,15,8,16.09,4.839,1.22,70.71428571,NA,NA
WeMu_W_1,15.03.2010,3,7.8,11.18,4.516,4.06,207.1428571,NA,60
WeMu_W_1,27.04.2010,11.4,8.5,13.61,3.871,0.68,107.1428571,45,61
WeMu_W_1,25.05.2010,NA,NA,13.63,2.71,0.24,32.85714286,NA,50
WeMu_W_1,24.06.2010,17.9,8,15.32,2.194,0.66,45,NA,30
WeMu_W_1,08.07.2010,21,8.1,16.53,1.806,0.73,25.71428571,130,34
WeMu_W_1,11.08.2010,20.8,7.9,17.75,2.097,0.21,19.28571429,100,38
WeMu_W_1,05.10.2010,13.5,8,13.76,2.677,3.21,62.14285714,50,42
WeMu_W_1,19.10.2010,10.9,8,13.95,2.839,2.57,67.85714286,60,42
WeMu_W_1,17.03.2011,4.6,8.1,11.884,2.323,3.2,121.4285714,50,52
WeMu_W_1,28.04.2011,13.9,8.2,12.714,2.968,0.68,85.71428571,50,60
WeMu_W_1,30.05.2011,15.2,8.1,15.175,1.548,NA,34.28571429,130,NA
WeMu_W_1,27.06.2011,17.9,8.1,15.6,2.581,0.48,43.57142857,60,NA
WeMu_W_1,11.07.2011,18.6,8.1,16.4,2.581,0.52,38.57142857,90,NA
WeMu_W_1,25.08.2011,19.2,7.9,13.91,3.097,1.9,60,110,32
WeMu_W_1,26.09.2011,16,8.1,15.69,2.742,2.3,31.42857143,80,31
WeMu_W_1,19.03.2012,7.2,8.1,14.37,2.613,2.9,85.71428571,60,34
WeMu_W_1,22.05.2012,14.7,8.2,14.35,1.548,NA,35,140,22
WeMu_W_1,18.06.2012,16.5,8.2,16.36,1.387,0.31,27.14285714,130,4
WeMu_W_1,02.07.2012,18.2,8.2,16.88,1.387,0.38,20,90,5
WeMu_W_1,29.08.2012,19,8,16.14,2.387,1.5,36.42857143,50,10
WeMu_W_1,25.09.2012,13.8,8.1,15.78,2.613,0.96,28.57142857,30,14
WeMu_W_1,22.04.2013,8.7,8.1,13.05,1.516,0.94,53.57142857,70,21
WeMu_W_1,07.05.2013,12.6,8.4,13.32,2.161,NA,92.85714286,NA,23
WeMu_W_1,05.06.2013,15.6,8.2,7.09,5.161,4.7,228.5714286,30,51
WeMu_W_1,22.07.2013,21.9,8,13.6,2.871,NA,40.71428571,60,11
WeMu_W_1,19.08.2013,19.3,8.1,15.96,2.226,0.6,44.28571429,NA,6
WeMu_W_1,18.09.2013,15.7,8,16.67,2.613,1.4,32.85714286,NA,12
WeMu_W_1,13.03.2014,8.1,8,11.371,2.194,4.3,135.7142857,80,11
WeMu_W_1,10.04.2014,10.1,8.1,14.839,1.484,2,39.28571429,90,16
WeMu_W_1,12.05.2014,13,7.9,13.945,2.613,NA,50,60,32
WeMu_W_1,11.06.2014,20,8,12.703,3.161,0.56,85.71428571,80,25
WeMu_W_1,09.07.2014,19.7,8.1,14.189,3.032,1.4,57.85714286,90,22
WeMu_W_1,07.08.2014,21.4,8,15.17,3.871,1.6,67.14285714,100,5
WeMu_W_1,23.09.2014,17,8.1,15.45,3.548,1.6,78.57142857,110,16
WeMu_W_1,12.06.2015,16.8,7.9,15.776,1.548,NA,60,80,9
WeMu_W_1,27.07.2015,17.5,8.1,16.866,1.742,NA,45.71428571,70,4
WeMu_W_1,26.08.2015,19.1,8,15.384,3.194,1.7,58.57142857,60,13
WeMu_W_1,25.09.2015,14.9,8.1,16.404,2.29,1.7,39.28571429,80,8
WeMu_W_1,26.04.2016,9.8,7.9,NA,1.613,1.5,78.57142857,NA,12
WeMu_W_1,02.05.2016,10.4,8,9.78,5.484,3.9,185.7142857,NA,104.2
WeMu_W_1,05.07.2016,NA,NA,13.97,4.194,1.4,78.57142857,NA,136.44
WeMu_W_1,02.08.2016,NA,NA,16.85,2.71,0.71,35,NA,132.18
WeMu_W_1,13.09.2016,NA,NA,16.4,NA,,NA,NA,108.39
WeMu_W_1,18.10.2016,13,NA,16.04,3.871,0.68,60,NA,125.75
WeMu_W_1,23.03.2017,7,7.3,13.26,1.645,3.1,114.2857143,NA,11
WeMu_W_1,27.04.2017,9.1,8,14.85,2.032,0.54,61.42857143,NA,48
WeMu_W_1,09.05.2017,11.3,8.1,14.05,1.645,0.45,85.71428571,NA,18
WeMu_W_1,20.06.2017,18.6,8.2,15.61,1.806,NA,57.85714286,NA,15
WeMu_W_1,19.07.2017,20.4,NA,14.66,2.194,0.43,47.14285714,NA,19
WeMu_W_1,25.07.2017,19.5,7.9,14.18,3.226,0.36,41.42857143,NA,46
WeMu_W_1,10.08.2017,19.8,8.1,13.11,3.548,1.4,70.71428571,NA,22
WeMu_W_1,24.08.2017,18.3,8,12.64,4.194,1.9,114.2857143,NA,45
WeMu_W_1,19.09.2017,15.2,8.1,NA,2.935,1.8,50,NA,22
WeMu_W_1,09.10.2017,12.4,NA,8.55,4.839,6.1,78.57142857,NA,41
WeMu_W_1,28.03.2018,3.9,8.1,11.49,2.194,2,150,NA,18
WeMu_W_1,17.04.2018,9.1,8.2,13.64,2.774,0.91,85.71428571,NA,60
WeMu_W_1,17.05.2018,16,8.6,13.68,2.839,0.67,57.85714286,NA,49
WeMu_W_1,14.06.2018,17.8,8.1,15.76,2.452,0.23,46.42857143,NA,43
WeMu_W_1,12.07.2018,19,8.1,16.16,1.548,NA,40.71428571,NA,8
WeMu_W_1,19.09.2018,17.2,8,15.68,1.903,0.29,26.42857143,NA,3
WeMu_W_1,09.10.2018,12.6,8,13.57,3.548,1.8,46.42857143,NA,34
